#PDB,ddG(kcal/mol),LD,A58N,F74S,F91Y,I73K,N30S,N31S,N76S,N82AS,S100BY,S29F,S52I,S56T,S70T,S75T,T57A,T83R
4FQY,-0.587728779937272,1,1,0,0,0,0,0,0,0,0,0,0,0,0,0,0,0
4FQY,-0.1595446185130828,1,0,0,1,0,0,0,0,0,0,0,0,0,0,0,0,0
4FQY,0.8058393591420847,1,0,0,0,0,0,0,1,0,0,0,0,0,0,0,0,0
4FQY,1.1638087691697423,1,0,0,0,0,0,0,0,0,0,0,0,0,0,0,1,0
4FQY,0.4516377538986967,1,0,0,0,0,0,0,0,0,0,1,0,0,0,0,0,0
4FQY,0.0592094493944542,1,0,0,0,0,0,0,0,0,0,0,0,0,0,1,0,0
4FQY,0.1076463921377986,1,0,0,0,0,0,0,0,0,0,0,0,0,1,0,0,0
4FQY,0.3308332211962548,1,0,0,0,0,0,0,0,0,0,0,0,0,0,0,0,1
4FQY,0.3978921316703773,1,0,0,0,0,0,0,0,0,1,0,0,0,0,0,0,0
4FQY,0.9266560184942404,1,0,0,0,0,1,0,0,0,0,0,0,0,0,0,0,0
4FQY,0.1836558898101971,1,0,0,0,0,0,0,0,1,0,0,0,0,0,0,0,0
4FQY,1.2567959676451816,1,0,0,0,0,0,1,0,0,0,0,0,0,0,0,0,0
4FQY,2.120166446690288,1,0,0,0,0,0,0,0,0,0,0,0,1,0,0,0,0
4FQY,2.673682013416172,1,0,1,0,0,0,0,0,0,0,0,0,0,0,0,0,0
4FQY,3.261608526260141,1,0,0,0,1,0,0,0,0,0,0,0,0,0,0,0,0
4FQY,3.549578731741432,1,0,0,0,0,0,0,0,0,0,0,1,0,0,0,0,0
4FQY,1.4000475807306454,2,0,0,0,0,0,0,1,0,0,0,0,0,0,0,1,0
4FQY,0.9258085838637556,2,0,0,0,0,0,0,1,0,0,0,0,0,0,0,0,1
4FQY,0.8883550184397682,2,0,0,1,0,0,0,0,0,0,0,0,0,0,0,1,0
4FQY,1.0709828225032374,2,0,0,0,0,0,0,0,0,0,0,0,0,0,0,1,1
4FQY,-0.1055617794034599,2,0,0,1,0,0,0,0,0,0,0,0,0,0,1,0,0
4FQY,0.0787163997455314,2,1,0,0,0,0,0,1,0,0,0,0,0,0,0,0,0
4FQY,0.7991736674595861,2,0,0,0,0,0,0,0,0,0,0,0,0,1,0,1,0
4FQY,0.434477701498047,2,1,0,0,0,0,0,0,0,0,0,0,0,0,0,1,0
4FQY,1.530270547760314,2,0,0,0,0,0,1,0,0,0,0,0,0,1,0,0,0
4FQY,0.9568972203292142,2,0,0,0,0,0,0,0,0,0,0,0,0,0,1,1,0
4FQY,0.4894291143864524,2,1,0,0,0,0,0,0,0,0,0,0,1,0,0,0,0
4FQY,0.0627631088777736,2,0,0,1,0,0,0,0,1,0,0,0,0,0,0,0,0
4FQY,0.3451756045160659,2,0,0,0,0,0,0,0,0,0,0,0,0,1,0,0,1
4FQY,-0.7653061453916226,2,1,0,1,0,0,0,0,0,0,0,0,0,0,0,0,0
4FQY,0.088965356925984,2,0,0,0,0,0,0,0,1,0,0,0,0,0,1,0,0
4FQY,-0.2654369605568374,2,1,0,0,0,0,0,0,0,0,0,0,0,0,0,0,1
4FQY,-0.0750861939296846,2,0,0,1,0,0,0,0,0,0,0,0,0,1,0,0,0
4FQY,0.1052226945714413,2,0,0,0,0,0,0,0,1,0,0,0,0,0,0,0,1
4FQY,0.0265228066503478,2,0,0,0,0,0,0,0,0,0,0,0,0,1,1,0,0
4FQY,1.4801378853480331,2,0,0,0,0,0,0,0,0,0,1,0,0,0,0,1,0
4FQY,1.5687911840172952,2,0,0,1,0,0,1,0,0,0,0,0,0,0,0,0,0
4FQY,0.9272796126590048,2,0,0,1,0,0,0,1,0,0,0,0,0,0,0,0,0
4FQY,0.9566976069926638,2,0,0,0,0,0,0,0,1,0,0,0,0,0,0,1,0
4FQY,0.9508988285661376,2,0,0,0,0,0,0,1,1,0,0,0,0,0,0,0,0
4FQY,-0.1217414433793432,2,1,0,0,0,0,0,0,1,0,0,0,0,0,0,0,0
4FQY,0.2584633904212401,2,0,0,0,0,0,0,0,0,0,0,0,0,0,1,0,1
4FQY,0.7237764659164273,2,0,0,0,0,0,0,1,0,0,0,0,0,0,1,0,0
4FQY,1.845094279717568,2,1,1,0,0,0,0,0,0,0,0,0,0,0,0,0,0
4FQY,-0.3649532928162832,2,1,0,0,0,0,0,0,0,0,0,0,0,0,1,0,0
4FQY,2.0284336391180795,2,0,0,1,0,0,0,0,0,0,0,0,1,0,0,0,0
4FQY,1.1582851513968688,2,0,0,0,0,0,0,1,0,1,0,0,0,0,0,0,0
4FQY,-0.2788602497790856,2,1,0,0,0,0,0,0,0,1,0,0,0,0,0,0,0
4FQY,1.8016131713468275,2,0,0,0,0,0,1,0,0,0,0,0,0,0,0,0,1
4FQY,0.9914401796761187,2,0,0,0,0,0,0,1,0,0,0,0,0,1,0,0,0
4FQY,2.2345330025609638,2,0,0,0,0,0,0,0,0,0,0,0,1,0,0,0,1
4FQY,0.6926224950493682,2,0,0,0,0,0,0,0,1,1,0,0,0,0,0,0,0
4FQY,0.1831100627081255,2,0,0,1,0,0,0,0,0,0,0,0,0,0,0,0,1
4FQY,1.6264001144406115,2,0,0,0,0,0,1,0,0,0,0,0,0,0,1,0,0
4FQY,1.6396556757668166,2,0,0,0,0,1,0,1,0,0,0,0,0,0,0,0,0
4FQY,0.7539001094187952,2,0,0,0,0,0,0,0,0,1,0,0,0,0,0,0,1
4FQY,0.3692204429925131,2,1,0,0,0,1,0,0,0,0,0,0,0,0,0,0,0
4FQY,0.3140739013962235,2,0,0,0,0,0,0,0,1,0,0,0,0,1,0,0,0
4FQY,0.3943974895992373,2,0,0,0,0,0,0,0,0,1,0,0,0,0,1,0,0
4FQY,1.3077524533633864,2,0,0,0,0,0,1,1,0,0,0,0,0,0,0,0,0
4FQY,-0.4216247710552156,2,1,0,0,0,0,0,0,0,0,0,0,0,1,0,0,0
4FQY,0.8787802278879221,2,0,0,1,0,1,0,0,0,0,0,0,0,0,0,0,0
4FQY,1.7419505675073494,2,0,0,0,0,0,0,0,0,0,0,0,1,0,0,1,0
4FQY,2.032665818380163,2,0,0,0,0,0,1,0,0,0,0,0,0,0,0,1,0
4FQY,1.7755849746999706,2,0,0,0,0,1,0,0,0,0,0,0,0,0,0,1,0
4FQY,1.5102910372461913,2,0,0,0,0,0,0,0,0,1,0,0,0,0,0,1,0
4FQY,0.7199202039830928,2,1,0,0,0,0,1,0,0,0,0,0,0,0,0,0,0
4FQY,1.0608624971103984,2,0,0,0,0,1,0,0,0,0,0,0,0,0,0,0,1
4FQY,0.5147703225791721,2,0,0,1,0,0,0,0,0,1,0,0,0,0,0,0,0
4FQY,0.7687402708013532,2,0,0,0,0,0,0,0,0,1,0,0,0,1,0,0,0
4FQY,2.082455124640639,2,0,0,0,0,0,0,0,0,0,0,0,1,0,1,0,0
4FQY,1.6222117717446236,2,0,0,0,0,0,1,0,0,1,0,0,0,0,0,0,0
4FQY,0.3616398601304786,2,0,0,0,0,0,0,0,0,0,1,0,0,1,0,0,0
4FQY,0.8448845177975867,2,0,0,0,0,0,0,0,0,0,1,0,0,0,0,0,1
4FQY,1.457960009114542,2,0,0,0,0,0,1,0,1,0,0,0,0,0,0,0,0
4FQY,0.8245011275791903,2,0,0,0,0,1,0,0,0,0,0,0,0,0,1,0,0
4FQY,1.432584070737006,2,0,0,0,0,0,1,0,0,0,1,0,0,0,0,0,0
4FQY,0.9382255186839114,2,0,0,0,0,1,0,0,1,0,0,0,0,0,0,0,0
4FQY,0.6232170911722512,2,0,0,1,0,0,0,0,0,0,1,0,0,0,0,0,0
4FQY,1.7783618679401847,2,0,0,0,0,1,1,0,0,0,0,0,0,0,0,0,0
4FQY,0.8107040729447361,2,0,0,0,0,0,0,1,0,0,1,0,0,0,0,0,0
4FQY,2.3158949641032027,2,0,0,0,0,0,0,0,0,0,1,0,1,0,0,0,0
4FQY,1.128988895233349,2,0,0,0,0,1,0,0,0,0,0,0,0,1,0,0,0
4FQY,0.5052075765775375,2,0,0,0,0,0,0,0,0,1,1,0,0,0,0,0,0
4FQY,1.813539637041856,2,0,0,0,0,0,0,0,0,0,0,0,1,1,0,0,0
4FQY,0.8717402938877359,2,0,0,0,0,0,0,0,0,0,1,0,0,0,1,0,0
4FQY,-0.2177267147305508,2,1,0,0,0,0,0,0,0,0,1,0,0,0,0,0,0
4FQY,1.024305881781021,2,0,0,0,0,1,0,0,0,1,0,0,0,0,0,0,0
4FQY,2.194956842975784,2,1,0,0,1,0,0,0,0,0,0,0,0,0,0,0,0
4FQY,0.484766964711979,2,0,0,0,0,0,0,0,1,0,1,0,0,0,0,0,0
4FQY,2.638580090781933,2,0,1,1,0,0,0,0,0,0,0,0,0,0,0,0,0
4FQY,2.6093857948568453,2,0,1,0,0,0,0,0,0,0,0,0,0,1,0,0,0
4FQY,2.00694623896831,2,0,0,0,0,1,0,0,0,0,1,0,0,0,0,0,0
4FQY,2.8645988074654616,2,0,0,0,0,0,0,1,0,0,0,0,1,0,0,0,0
4FQY,2.6713598676808323,2,0,1,0,0,0,0,0,0,0,0,0,0,0,0,0,1
4FQY,1.814366677426289,2,0,0,0,0,0,0,0,1,0,0,0,1,0,0,0,0
4FQY,2.759511838464047,2,0,1,0,0,0,0,0,0,0,0,0,0,0,1,0,0
4FQY,2.7051131725338275,2,0,1,0,0,0,0,0,1,0,0,0,0,0,0,0,0
4FQY,2.913005887594296,2,0,0,0,0,0,0,0,0,1,0,0,1,0,0,0,0
4FQY,3.259443923060548,2,0,0,0,1,0,0,0,0,0,1,0,0,0,0,0,0
4FQY,3.07478788065386,2,0,0,1,1,0,0,0,0,0,0,0,0,0,0,0,0
4FQY,3.259367544244799,2,0,0,0,0,1,0,0,0,0,0,0,1,0,0,0,0
4FQY,3.3599753530045438,2,0,0,0,1,0,0,0,1,0,0,0,0,0,0,0,0
4FQY,3.253167230895837,2,0,1,0,0,0,0,0,0,1,0,0,0,0,0,0,0
4FQY,3.228770808447631,2,0,0,0,1,0,0,0,0,0,0,0,0,1,0,0,0
4FQY,3.533159737056738,2,0,0,0,1,0,0,0,0,0,0,0,0,0,0,0,1
4FQY,3.527020440977633,2,0,0,0,1,0,0,0,0,1,0,0,0,0,0,0,0
4FQY,1.6683613869228973,3,0,0,0,0,0,0,1,0,0,0,0,0,0,0,1,1
4FQY,0.909210846799213,3,0,0,1,0,0,0,0,1,0,0,0,0,0,0,1,0
4FQY,0.8596613236138235,3,1,0,0,0,0,1,0,1,0,0,0,0,0,0,0,0
4FQY,0.172789399191408,3,1,0,0,0,0,0,1,1,0,0,0,0,0,0,0,0
4FQY,0.5296999376891902,3,1,0,1,0,0,0,0,0,0,0,0,0,0,0,1,0
4FQY,0.4955973376965263,3,1,0,0,0,0,0,0,0,0,0,0,1,0,0,0,1
4FQY,-0.2208984738145899,3,1,0,0,0,0,0,0,0,0,0,0,0,1,0,0,1
4FQY,0.2743370867535494,3,0,0,0,0,0,0,0,1,0,0,0,0,1,0,0,1
4FQY,-0.4732332040982211,3,1,0,1,0,0,0,0,0,0,0,0,0,0,1,0,0
4FQY,1.988557109362738,3,0,0,0,0,0,1,0,0,0,0,0,0,0,1,1,0
4FQY,1.4581119700994312,3,1,0,0,0,0,0,1,0,0,0,0,1,0,0,0,0
4FQY,2.036412796842036,3,0,0,1,0,0,1,0,0,0,0,0,0,0,0,1,0
4FQY,0.9571562634940868,3,0,0,1,0,0,0,0,0,0,0,0,0,1,0,1,0
4FQY,2.1101636360946534,3,0,0,0,0,0,1,1,0,0,0,0,0,0,0,1,0
4FQY,0.4382828435754727,3,0,0,0,0,0,0,0,1,1,0,0,0,0,0,0,1
4FQY,0.5700281674314308,3,1,0,0,0,0,0,0,0,0,0,0,1,0,1,0,0
4FQY,1.407641625137238,3,0,0,1,0,0,1,0,0,0,0,0,0,0,1,0,0
4FQY,1.2395346979488304,3,0,0,1,0,0,0,1,0,0,0,0,0,0,0,1,0
4FQY,0.7191828525524381,3,1,0,0,0,0,0,0,0,0,0,0,1,1,0,0,0
4FQY,2.242478119074435,3,0,0,1,0,0,0,0,0,0,0,0,1,0,0,0,1
4FQY,1.5801137662796745,3,0,0,0,0,0,0,1,1,0,0,0,0,0,0,1,0
4FQY,0.8116639895007682,3,0,0,1,0,0,0,1,0,0,0,0,0,1,0,0,0
4FQY,2.1666948105057378,3,0,0,0,0,0,1,0,0,0,0,0,0,1,0,1,0
4FQY,0.8692282188277429,3,0,0,0,0,0,0,1,0,0,0,0,0,0,1,0,1
4FQY,1.5730092412901933,3,0,0,0,0,0,1,1,0,0,0,0,0,0,0,0,1
4FQY,0.0923715435255937,3,0,0,1,0,0,0,0,0,0,0,0,0,1,0,0,1
4FQY,1.2975653683614723,3,0,0,0,0,0,0,0,1,0,0,0,0,0,0,1,1
4FQY,1.170701274693163,3,0,0,0,0,0,0,0,1,0,0,0,0,0,1,1,0
4FQY,1.143114649322695,3,0,0,0,0,0,0,1,1,0,0,0,0,0,0,0,1
4FQY,-0.4863794760797649,3,1,0,0,0,0,0,0,0,0,0,0,0,1,1,0,0
4FQY,0.6188802717370048,3,1,0,0,0,0,0,0,1,0,0,0,1,0,0,0,0
4FQY,0.6557282298983851,3,0,0,0,0,0,0,0,0,0,1,0,0,0,1,0,1
4FQY,1.195807504041681,3,0,0,0,0,0,0,0,0,0,0,0,0,0,1,1,1
4FQY,1.656293594888705,3,1,1,1,0,0,0,0,0,0,0,0,0,0,0,0,0
4FQY,0.5623100363557414,3,1,0,1,0,0,1,0,0,0,0,0,0,0,0,0,0
4FQY,1.163384540607926,3,1,0,0,0,0,0,1,0,0,0,0,0,0,0,1,0
4FQY,-0.3445070461733776,3,1,0,0,0,0,0,0,0,0,1,0,0,0,0,0,1
4FQY,0.9525642469837272,3,0,0,0,0,0,0,1,0,0,0,0,0,1,1,0,0
4FQY,0.4285989556577555,3,1,0,0,0,0,0,0,0,0,0,0,0,0,1,1,0
4FQY,0.364398983073211,3,1,0,0,0,0,0,1,0,0,0,0,0,0,0,0,1
4FQY,-0.1381816316647851,3,0,0,1,0,0,0,0,0,0,0,0,0,0,1,0,1
4FQY,2.3105271405963013,3,0,0,0,0,1,0,1,0,0,0,0,0,0,0,1,0
4FQY,1.4687078881826316,3,0,0,0,0,0,0,1,0,0,1,0,0,0,0,1,0
4FQY,0.1745289148630556,3,0,0,1,0,0,0,0,0,1,0,0,0,0,1,0,0
4FQY,1.418142460672008,3,0,0,0,0,0,0,0,0,0,1,0,0,1,0,1,0
4FQY,1.4786017087570948,3,0,0,0,0,0,0,0,1,1,0,0,0,0,0,1,0
4FQY,1.0155118192501174,3,0,0,0,0,0,0,0,1,0,0,0,0,1,0,1,0
4FQY,0.95947238926188,3,0,0,1,0,0,0,1,0,0,0,0,0,0,0,0,1
4FQY,-0.3537262485941786,3,1,0,0,0,0,0,0,1,0,0,0,0,0,0,0,1
4FQY,0.8339215568925753,3,0,0,1,0,0,0,0,0,0,0,0,0,0,1,1,0
4FQY,1.0517111202475071,3,0,0,0,0,0,0,0,0,0,0,0,0,1,0,1,1
4FQY,0.6903712330502386,3,1,0,0,0,0,1,1,0,0,0,0,0,0,0,0,0
4FQY,0.3927153622883498,3,1,0,0,0,0,0,0,0,0,0,0,0,1,0,1,0
4FQY,0.8426057670594236,3,1,0,0,0,0,1,0,0,0,0,0,0,0,0,0,1
4FQY,0.8061782918750187,3,1,0,0,0,0,0,0,0,0,0,0,0,0,0,1,1
4FQY,2.3456219530553915,3,0,0,0,0,0,0,0,0,0,0,0,1,1,0,0,1
4FQY,1.642767712033344,3,0,0,0,0,0,0,1,0,1,0,0,0,0,0,1,0
4FQY,-0.5266260524921993,3,1,0,0,0,0,0,0,1,0,0,0,0,0,1,0,0
4FQY,1.307347301341388,3,0,0,0,0,0,0,0,0,1,0,0,0,1,0,1,0
4FQY,0.981570906478908,3,0,0,0,0,0,0,0,0,1,0,0,0,1,0,0,1
4FQY,1.3777749274144262,3,0,0,0,0,0,0,1,0,0,0,0,0,1,0,1,0
4FQY,1.1264557662512753,3,0,0,1,0,0,0,0,0,0,0,0,0,0,0,1,1
4FQY,-0.3203660601567641,3,1,0,1,0,0,0,0,1,0,0,0,0,0,0,0,0
4FQY,-0.0400396670451497,3,1,0,1,0,0,0,1,0,0,0,0,0,0,0,0,0
4FQY,0.5359809241651402,3,0,0,1,0,0,0,1,0,0,0,0,0,0,1,0,0
4FQY,2.27794340618306,3,0,0,0,0,0,1,0,0,0,0,0,0,0,0,1,1
4FQY,0.9443626115965612,3,0,0,0,0,0,0,0,0,0,0,0,0,1,1,1,0
4FQY,1.690714700948967,3,0,0,0,0,0,1,0,1,0,0,0,0,0,1,0,0
4FQY,0.8395003057330916,3,0,0,0,0,0,0,0,1,1,0,0,0,1,0,0,0
4FQY,1.2389624913706647,3,0,0,1,0,0,0,0,0,1,0,0,0,0,0,1,0
4FQY,0.8766506138575432,3,0,0,1,0,0,0,1,1,0,0,0,0,0,0,0,0
4FQY,0.1966495636373717,3,1,0,0,0,0,0,1,0,0,0,0,0,1,0,0,0
4FQY,0.8830614615290578,3,1,0,0,0,0,0,1,0,1,0,0,0,0,0,0,0
4FQY,0.2920196250226189,3,1,0,0,0,1,0,0,0,0,0,0,0,1,0,0,0
4FQY,1.285191377971696,3,0,0,0,0,0,0,1,0,1,0,0,0,0,0,0,1
4FQY,-0.1452494387383295,3,0,0,1,0,0,0,0,0,0,0,0,0,1,1,0,0
4FQY,1.486225061929821,3,0,0,0,0,0,0,0,0,1,0,0,0,0,1,1,0
4FQY,2.096367274118387,3,0,0,1,0,1,0,0,0,0,1,0,0,0,0,0,0
4FQY,0.8501968599002823,3,0,0,1,0,1,0,0,0,0,0,0,0,0,1,0,0
4FQY,1.4129868637939782,3,0,0,0,0,0,1,0,0,0,0,0,0,0,1,0,1
4FQY,1.108827845880527,3,1,0,0,0,0,0,0,0,0,0,0,1,0,0,1,0
4FQY,0.8918881230817876,3,0,0,0,0,1,0,0,1,0,0,0,0,0,1,0,0
4FQY,2.7256536037982264,3,0,0,1,0,0,0,1,0,0,0,0,1,0,0,0,0
4FQY,0.4690463375940417,3,0,0,1,0,0,0,0,0,0,1,0,0,0,0,0,1
4FQY,1.9107668187911169,3,0,0,0,0,1,0,0,0,0,0,0,0,0,0,1,1
4FQY,1.5196689743679757,3,0,0,0,0,0,0,0,0,0,1,0,0,0,0,1,1
4FQY,-0.4763715417734978,3,1,0,1,0,0,0,0,0,0,0,0,0,0,0,0,1
4FQY,1.7618029982109402,3,0,0,0,0,0,0,0,0,0,0,0,1,1,0,1,0
4FQY,1.9017441567297364,3,0,0,0,0,1,0,0,0,0,0,0,0,0,1,1,0
4FQY,0.2932523405785305,3,0,0,1,0,0,0,0,1,0,0,0,0,1,0,0,0
4FQY,0.5594270034150692,3,0,0,0,0,0,0,0,0,0,1,0,0,1,1,0,0
4FQY,0.3610619901991612,3,1,0,0,0,0,0,0,0,1,0,0,0,0,1,0,0
4FQY,2.4351645381076645,3,0,0,1,0,0,0,0,0,0,0,0,1,0,1,0,0
4FQY,1.6942405274465258,3,0,0,0,0,0,1,1,0,0,1,0,0,0,0,0,0
4FQY,1.816150666402344,3,0,0,0,0,0,1,0,0,0,0,0,0,1,0,0,1
4FQY,1.811834249801886,3,0,0,0,0,0,1,0,0,0,1,0,0,0,1,0,0
4FQY,1.5861207871969965,3,0,0,1,0,1,0,1,0,0,0,0,0,0,0,0,0
4FQY,0.1792066528201841,3,0,0,0,0,0,0,0,0,0,0,0,0,1,1,0,1
4FQY,2.70625230494604,3,1,0,0,1,0,0,0,0,0,0,0,0,0,0,0,1
4FQY,1.063195744415055,3,0,0,0,0,0,0,1,0,0,0,0,0,1,0,0,1
4FQY,1.385142060704791,3,0,0,1,0,0,1,0,0,0,0,0,0,1,0,0,0
4FQY,0.0987706663512047,3,1,0,0,0,0,0,0,0,0,0,0,0,0,1,0,1
4FQY,0.9912772883523616,3,1,0,0,0,0,0,0,0,1,0,0,0,0,0,1,0
4FQY,2.4280238782567403,3,0,0,1,0,0,0,0,0,0,1,0,1,0,0,0,0
4FQY,0.6076702695995998,3,0,0,0,0,0,0,0,0,1,0,0,0,0,1,0,1
4FQY,-0.1864486333496257,3,1,0,0,0,0,0,0,0,1,0,0,0,0,0,0,1
4FQY,-0.713624372031333,3,1,0,1,0,0,0,0,0,0,0,0,0,1,0,0,0
4FQY,0.558080349234608,3,1,0,0,0,0,0,0,1,0,0,0,0,0,0,1,0
4FQY,1.7517118089042842,3,0,0,0,0,0,0,0,0,0,1,0,0,0,1,1,0
4FQY,0.275920860314181,3,0,0,0,0,0,0,0,1,0,0,0,0,0,1,0,1
4FQY,1.1912777257396427,3,0,0,0,0,1,0,0,0,0,0,0,0,0,1,0,1
4FQY,2.124789706661124,3,1,1,0,0,0,0,0,0,0,0,0,0,0,0,0,1
4FQY,0.9429244334985654,3,0,0,0,0,0,0,1,0,0,1,0,0,1,0,0,0
4FQY,0.4794120457378852,3,0,0,1,0,0,0,0,1,1,0,0,0,0,0,0,0
4FQY,0.5468124056929222,3,1,0,0,0,0,0,0,0,0,1,0,1,0,0,0,0
4FQY,0.5618466028488166,3,0,0,1,0,0,0,0,0,1,0,0,0,1,0,0,0
4FQY,1.770545869332541,3,0,0,0,0,0,0,0,0,0,0,0,1,0,1,1,0
4FQY,1.9682736281710795,3,0,0,1,0,0,0,0,0,0,0,0,1,1,0,0,0
4FQY,1.0338678383043172,3,1,0,0,0,0,1,0,0,0,0,0,0,0,1,0,0
4FQY,1.3722283686160184,3,0,0,0,0,0,1,1,1,0,0,0,0,0,0,0,0
4FQY,0.3704614321326773,3,0,0,1,0,0,0,0,1,0,1,0,0,0,0,0,0
4FQY,1.710296485956012,3,0,0,0,0,0,1,0,0,0,1,0,0,0,0,0,1
4FQY,0.4458595591893461,3,1,0,1,0,0,0,0,0,0,0,0,1,0,0,0,0
4FQY,1.381507787400149,3,0,0,0,0,0,0,1,0,0,0,0,0,0,1,1,0
4FQY,0.743912778139049,3,0,0,1,0,0,0,1,0,0,1,0,0,0,0,0,0
4FQY,2.013113014321939,3,0,0,0,0,0,1,0,1,0,0,0,0,0,0,1,0
4FQY,2.2485163987325416,3,0,0,0,0,0,0,0,1,0,0,0,1,0,0,0,1
4FQY,2.24183739933789,3,0,0,0,0,0,1,0,0,0,1,0,0,0,0,1,0
4FQY,1.785343885683576,3,0,0,0,0,1,0,1,0,0,0,0,0,0,0,0,1
4FQY,0.1442428828155271,3,1,0,0,0,0,0,0,0,1,0,0,0,1,0,0,0
4FQY,1.8127422893524687,3,0,0,0,0,0,0,0,0,0,0,0,1,0,0,1,1
4FQY,0.8717480828754668,3,1,0,0,0,1,0,1,0,0,0,0,0,0,0,0,0
4FQY,0.7001848668750557,3,0,0,0,0,0,0,0,1,0,1,0,0,1,0,0,0
4FQY,2.472771376424082,3,0,0,0,0,0,0,0,1,0,0,0,1,0,1,0,0
4FQY,1.7933886969450077,3,0,0,1,0,0,0,0,0,0,0,0,1,0,0,1,0
4FQY,2.356771853798649,3,0,0,0,0,0,1,0,0,1,0,0,0,0,0,1,0
4FQY,-0.0647955850562619,3,1,0,0,0,0,0,1,0,0,1,0,0,0,0,0,0
4FQY,0.7562977528102561,3,0,0,0,0,0,0,0,1,1,0,0,0,0,1,0,0
4FQY,0.1427760795806624,3,1,0,1,0,1,0,0,0,0,0,0,0,0,0,0,0
4FQY,1.592143922283708,3,0,0,0,0,1,0,1,0,0,0,0,0,0,1,0,0
4FQY,1.8241120028026887,3,0,0,0,0,1,1,1,0,0,0,0,0,0,0,0,0
4FQY,2.2384462376868246,3,0,0,0,0,1,0,0,0,0,1,0,0,0,0,0,1
4FQY,-0.4255733324810948,3,1,0,0,0,0,0,0,0,0,1,0,0,0,1,0,0
4FQY,0.3540008442676444,3,1,0,0,0,0,1,0,0,0,1,0,0,0,0,0,0
4FQY,1.3452808788534971,3,0,0,1,0,0,0,1,0,1,0,0,0,0,0,0,0
4FQY,1.039477683271733,3,0,0,0,0,0,0,1,1,0,0,0,0,0,1,0,0
4FQY,1.3589965239630468,3,0,0,1,0,0,0,0,0,0,1,0,0,0,0,1,0
4FQY,-0.0548437557683756,3,0,0,0,0,0,0,0,1,0,0,0,0,1,1,0,0
4FQY,1.7903939370390052,3,0,0,0,0,0,0,0,1,0,0,0,1,0,0,1,0
4FQY,1.4023188482495887,3,1,0,0,0,1,0,0,0,0,0,0,1,0,0,0,0
4FQY,1.195783798942313,3,0,0,0,0,0,0,1,1,0,0,0,0,1,0,0,0
4FQY,-0.1703321616498121,3,0,0,1,0,0,0,0,1,0,0,0,0,0,0,0,1
4FQY,0.9954538557881064,3,0,0,0,0,1,0,0,0,0,0,0,0,1,0,0,1
4FQY,0.6875923210666428,3,1,0,0,0,1,0,0,0,0,1,0,0,0,0,0,0
4FQY,1.518499344101888,3,0,0,1,0,0,1,0,1,0,0,0,0,0,0,0,0
4FQY,0.1640924401363999,3,1,0,0,0,1,0,0,0,0,0,0,0,0,0,0,1
4FQY,0.0045744457766539,3,0,0,1,0,0,0,0,1,0,0,0,0,0,1,0,0
4FQY,0.7881408811817042,3,0,0,0,0,0,0,0,0,1,0,0,0,1,1,0,0
4FQY,-0.1272112279366618,3,1,0,0,0,0,0,0,1,0,0,0,0,1,0,0,0
4FQY,1.5328590645734574,3,0,0,0,0,0,0,0,0,1,0,0,0,0,0,1,1
4FQY,1.517262570621656,3,0,0,0,0,0,1,1,0,1,0,0,0,0,0,0,0
4FQY,1.6066957137224729,3,0,0,0,0,0,1,1,0,0,0,0,0,0,1,0,0
4FQY,0.2000677201018807,3,1,0,0,0,1,0,0,0,0,0,0,0,0,1,0,0
4FQY,1.6827144827685625,3,0,0,0,0,0,1,0,1,0,0,0,0,1,0,0,0
4FQY,1.7503500259152984,3,0,0,0,0,0,1,0,0,0,0,0,0,1,1,0,0
4FQY,0.3390943465226914,3,1,0,0,0,1,0,0,1,0,0,0,0,0,0,0,0
4FQY,0.9790318298719092,3,0,0,0,0,0,0,0,0,1,1,0,0,1,0,0,0
4FQY,1.8638039057331377,3,0,0,0,0,1,0,0,0,0,0,0,0,1,0,1,0
4FQY,1.4833774998725917,3,0,0,1,0,0,1,0,0,0,1,0,0,0,0,0,0
4FQY,2.7281234545572888,3,0,0,0,0,0,0,0,0,0,1,0,1,0,0,0,1
4FQY,1.404903899977531,3,0,0,1,0,0,1,0,0,0,0,0,0,0,0,0,1
4FQY,1.7280011228399712,3,0,0,0,0,0,1,0,0,1,0,0,0,0,1,0,0
4FQY,-0.297013439422097,3,1,0,1,0,0,0,0,0,1,0,0,0,0,0,0,0
4FQY,1.528003521949652,3,0,0,0,0,0,1,0,1,0,0,0,0,0,0,0,1
4FQY,0.2261016397082626,3,1,0,0,0,0,0,1,0,0,0,0,0,0,1,0,0
4FQY,1.3878279487956997,3,1,0,0,0,1,1,0,0,0,0,0,0,0,0,0,0
4FQY,1.3611675110862882,3,0,0,0,0,0,0,0,1,0,1,0,0,0,0,1,0
4FQY,1.7747017003387608,3,0,0,0,0,0,0,1,0,0,0,0,1,0,0,1,0
4FQY,1.7651189960526177,3,0,0,0,0,1,1,0,0,0,0,0,0,0,1,0,0
4FQY,1.1273200288979153,3,0,0,1,0,0,0,0,0,0,1,0,0,0,1,0,0
4FQY,1.6102449576986766,3,1,0,0,0,0,1,0,0,0,0,0,0,0,0,1,0
4FQY,1.637284688557867,3,1,1,0,0,0,0,0,0,0,0,0,0,0,1,0,0
4FQY,0.9511515653642696,3,0,0,1,0,0,0,0,0,1,0,0,0,0,0,0,1
4FQY,1.145844790313011,3,0,0,1,0,1,0,0,0,0,0,0,0,0,0,0,1
4FQY,0.2769981552935818,3,0,0,1,0,0,0,0,0,0,1,0,0,1,0,0,0
4FQY,1.9138050498273644,3,0,0,0,0,1,0,1,0,0,0,0,0,1,0,0,0
4FQY,-0.1938753144990744,3,1,0,0,0,0,0,0,1,0,1,0,0,0,0,0,0
4FQY,-0.4837198696395468,3,1,0,0,0,0,0,0,0,0,1,0,0,1,0,0,0
4FQY,1.1530205547191894,3,0,0,0,0,0,0,1,1,1,0,0,0,0,0,0,0
4FQY,0.6601504016059745,3,0,0,0,0,0,0,0,0,0,1,0,0,1,0,0,1
4FQY,1.5445133440107326,3,0,0,0,0,0,1,0,0,0,1,0,0,1,0,0,0
4FQY,1.252752954536552,3,1,0,0,0,1,0,0,0,0,0,0,0,0,0,1,0
4FQY,1.504257294908889,3,0,0,0,0,1,0,0,1,1,0,0,0,0,0,0,0
4FQY,1.3458423438684703,3,1,0,0,0,0,0,0,0,1,0,0,1,0,0,0,0
4FQY,1.8596092246554197,3,0,0,1,0,0,0,0,1,0,0,0,1,0,0,0,0
4FQY,1.1859862441377358,3,0,0,0,0,0,0,1,0,0,1,0,0,0,0,0,1
4FQY,-0.2092048340048674,3,1,0,0,0,0,0,0,1,1,0,0,0,0,0,0,0
4FQY,2.470974209886544,3,0,0,0,0,0,0,0,0,0,1,0,1,1,0,0,0
4FQY,1.381727149024318,3,0,0,1,0,0,1,1,0,0,0,0,0,0,0,0,0
4FQY,1.5371941611188225,3,0,0,1,0,0,1,0,0,1,0,0,0,0,0,0,0
4FQY,0.899020278433843,3,0,0,0,0,0,0,0,1,0,1,0,0,0,1,0,0
4FQY,1.4972781415809782,3,0,0,1,0,1,0,0,0,1,0,0,0,0,0,0,0
4FQY,1.722469516331062,3,0,0,1,0,1,0,0,0,0,0,0,0,0,0,1,0
4FQY,2.3687916511527773,3,0,0,0,0,0,0,1,0,0,0,0,1,1,0,0,0
4FQY,-0.5533283966296512,3,1,0,1,0,0,0,0,0,0,1,0,0,0,0,0,0
4FQY,1.667562587146734,3,0,0,0,0,0,1,0,0,1,0,0,0,1,0,0,0
4FQY,1.9349173010055352,3,0,0,0,0,1,0,0,0,0,1,0,0,0,1,0,0
4FQY,1.3043055579743712,3,0,0,0,0,0,1,1,0,0,0,0,0,1,0,0,0
4FQY,3.125644739715617,3,1,1,0,0,0,0,1,0,0,0,0,0,0,0,0,0
4FQY,1.9044889778628744,3,1,0,0,0,0,1,0,0,0,0,0,1,0,0,0,0
4FQY,1.0260683753959785,3,0,0,1,0,1,0,0,0,0,0,0,0,1,0,0,0
4FQY,1.874806919334895,3,0,0,0,0,0,0,0,0,1,1,0,0,0,0,1,0
4FQY,0.9890895414676768,3,0,0,0,0,0,0,1,1,0,1,0,0,0,0,0,0
4FQY,1.801456204472212,3,0,0,0,0,1,0,0,1,0,0,0,0,0,0,1,0
4FQY,1.5035103381181187,3,0,0,0,0,0,1,0,1,0,1,0,0,0,0,0,0
4FQY,0.5323988608008456,3,0,0,0,0,0,0,0,1,0,1,0,0,0,0,0,1
4FQY,2.517043202835055,3,0,0,0,0,1,1,0,0,0,0,0,0,0,0,0,1
4FQY,1.3046105496969618,3,1,0,0,0,0,0,0,0,0,1,0,0,0,0,1,0
4FQY,1.4807905953146778,3,0,0,0,0,0,0,1,0,1,0,0,0,1,0,0,0
4FQY,1.520387781359133,3,0,0,0,0,1,0,1,1,0,0,0,0,0,0,0,0
4FQY,2.554653197178168,3,0,0,0,0,0,0,0,0,0,0,0,1,0,1,0,1
4FQY,1.7279535091426503,3,0,0,0,0,0,1,0,0,1,0,0,0,0,0,0,1
4FQY,1.4632824138965452,3,0,0,0,0,0,0,1,0,1,0,0,0,0,1,0,0
4FQY,1.541860697939732,3,0,0,0,0,1,0,0,0,1,0,0,0,1,0,0,0
4FQY,0.9649035350643772,3,1,0,0,0,0,1,0,0,0,0,0,0,1,0,0,0
4FQY,1.00112665047404,3,0,0,0,0,0,0,0,0,1,1,0,0,0,1,0,0
4FQY,2.156034428886365,3,1,1,0,0,0,0,0,1,0,0,0,0,0,0,0,0
4FQY,-0.114704384336016,3,1,0,0,0,0,0,0,0,1,1,0,0,0,0,0,0
4FQY,1.231828236499006,3,0,0,1,0,1,0,0,1,0,0,0,0,0,0,0,0
4FQY,3.060902299265898,3,0,0,0,0,0,1,0,0,0,0,0,1,0,0,1,0
4FQY,2.718021897188435,3,0,0,0,0,0,0,1,0,0,1,0,1,0,0,0,0
4FQY,2.295210575595956,3,0,0,0,0,1,0,0,0,0,0,0,1,0,0,1,0
4FQY,2.3056651130877883,3,0,0,0,0,0,0,0,0,1,0,0,1,0,0,1,0
4FQY,1.056886197068549,3,0,0,1,0,0,0,0,0,1,1,0,0,0,0,0,0
4FQY,1.1485711145717443,3,0,0,0,0,0,0,1,0,0,1,0,0,0,1,0,0
4FQY,1.6627708892099695,3,0,0,0,0,0,0,0,0,0,1,0,1,0,0,1,0
4FQY,1.0565402752568396,3,0,0,0,0,1,0,0,0,0,0,0,0,1,1,0,0
4FQY,2.85331912736567,3,0,0,0,0,0,0,1,1,0,0,0,1,0,0,0,0
4FQY,2.086848054644872,3,0,0,0,0,1,0,1,0,0,1,0,0,0,0,0,0
4FQY,2.2840784868145216,3,1,1,0,0,0,0,0,0,0,0,0,0,1,0,0,0
4FQY,2.440850885689752,3,1,0,0,1,0,0,0,0,0,0,0,0,1,0,0,0
4FQY,1.384902259209469,3,0,0,0,0,1,0,0,0,1,0,0,0,0,0,0,1
4FQY,1.0496522984724903,3,0,0,0,0,1,0,0,1,0,0,0,0,1,0,0,0
4FQY,1.6131966394247168,3,0,0,0,0,0,1,0,1,1,0,0,0,0,0,0,0
4FQY,1.2588171720666328,3,0,0,0,0,1,0,0,0,1,0,0,0,0,1,0,0
4FQY,2.1660754881757778,3,0,0,0,0,1,0,0,0,1,0,0,0,0,0,1,0
4FQY,0.750488174033657,3,1,0,0,0,1,0,0,0,1,0,0,0,0,0,0,0
4FQY,1.852234730928299,3,0,0,1,0,1,1,0,0,0,0,0,0,0,0,0,0
4FQY,1.2042502585656183,3,0,0,0,0,1,0,0,1,0,0,0,0,0,0,0,1
4FQY,2.98789531603213,3,0,0,0,0,0,0,1,0,0,0,0,1,0,0,0,1
4FQY,2.8411073416618438,3,1,1,0,0,0,0,0,0,1,0,0,0,0,0,0,0
4FQY,2.5780047478314163,3,1,0,1,1,0,0,0,0,0,0,0,0,0,0,0,0
4FQY,2.0953662690340944,3,0,0,0,0,0,0,0,1,0,0,0,1,1,0,0,0
4FQY,0.9263305342379689,3,0,0,0,0,0,0,0,0,1,1,0,0,0,0,0,1
4FQY,2.7618395843373733,3,0,0,0,0,0,0,0,0,1,1,0,1,0,0,0,0
4FQY,1.8964315573465595,3,0,0,0,0,0,0,0,1,0,1,0,1,0,0,0,0
4FQY,2.119346187800073,3,0,0,0,0,1,1,0,0,0,0,0,0,1,0,0,0
4FQY,1.2285209302350502,3,0,0,0,0,0,0,1,0,1,1,0,0,0,0,0,0
4FQY,3.177784457603229,3,0,0,0,0,1,0,0,0,0,1,0,0,0,0,1,0
4FQY,2.59971758744798,3,0,0,0,0,0,0,0,0,1,0,0,1,1,0,0,0
4FQY,0.9730886435163028,3,1,0,0,0,0,1,0,0,1,0,0,0,0,0,0,0
4FQY,3.121393138757204,3,0,0,0,0,0,0,0,0,0,1,0,1,0,1,0,0
4FQY,1.899542613642369,3,0,0,0,0,0,1,0,0,1,1,0,0,0,0,0,0
4FQY,2.164936022641859,3,0,0,0,0,1,0,0,1,0,1,0,0,0,0,0,0
4FQY,2.157593426138696,3,0,0,1,0,0,0,0,0,1,0,0,1,0,0,0,0
4FQY,1.5871918591789462,3,0,0,0,0,1,0,1,0,1,0,0,0,0,0,0,0
4FQY,2.607867071427333,3,0,0,0,0,0,0,0,0,1,0,0,1,0,0,0,1
4FQY,2.703569109310726,3,1,0,0,1,0,0,0,0,1,0,0,0,0,0,0,0
4FQY,1.0472957341080122,3,0,0,0,0,0,0,0,1,1,1,0,0,0,0,0,0
4FQY,3.2686252749108444,3,0,1,0,0,0,0,0,0,0,0,0,0,1,0,0,1
4FQY,1.87536487847718,3,0,0,0,0,1,1,0,1,0,0,0,0,0,0,0,0
4FQY,2.983817599453822,3,0,0,0,0,1,1,0,0,0,0,0,0,0,0,1,0
4FQY,3.01575635403396,3,0,0,0,0,0,0,0,1,1,0,0,1,0,0,0,0
4FQY,3.1117339987896404,3,1,0,0,1,0,0,1,0,0,0,0,0,0,0,0,0
4FQY,2.621002962780853,3,1,1,0,0,0,0,0,0,0,1,0,0,0,0,0,0
4FQY,3.360583845638656,3,0,0,0,1,0,0,0,1,0,1,0,0,0,0,0,0
4FQY,2.4706175253027225,3,0,1,0,0,0,0,0,1,0,0,0,0,0,0,0,1
4FQY,3.235878690964429,3,0,1,0,0,0,0,0,0,0,0,0,0,0,1,0,1
4FQY,2.819963245001358,3,0,1,1,0,0,0,0,0,0,0,0,0,1,0,0,0
4FQY,2.976320280122779,3,1,0,0,1,0,0,0,1,0,0,0,0,0,0,0,0
4FQY,1.8488795777357288,3,1,0,0,1,0,0,0,0,0,1,0,0,0,0,0,0
4FQY,2.036749905639724,3,0,0,0,0,1,0,0,0,0,1,0,0,1,0,0,0
4FQY,2.635145751930604,3,0,0,0,0,1,1,0,0,0,1,0,0,0,0,0,0
4FQY,1.654706666739195,3,0,0,0,0,1,1,0,0,1,0,0,0,0,0,0,0
4FQY,3.086027778264908,3,0,0,1,0,1,0,0,0,0,0,0,1,0,0,0,0
4FQY,1.4604430261139492,3,0,0,0,0,1,0,0,0,1,1,0,0,0,0,0,0
4FQY,3.359722502221258,3,0,1,0,0,0,0,0,1,1,0,0,0,0,0,0,0
4FQY,1.8679414255897075,3,0,0,0,0,0,0,0,0,0,0,0,1,1,1,0,0
4FQY,3.0261610975062223,3,0,0,1,1,0,0,0,1,0,0,0,0,0,0,0,0
4FQY,3.450814069244222,3,0,0,1,0,0,1,0,0,0,0,0,1,0,0,0,0
4FQY,3.5091990216475084,3,0,0,0,0,1,0,0,0,0,0,0,1,0,0,0,1
4FQY,3.1616367496148743,3,0,1,0,0,0,0,0,1,0,0,0,0,1,0,0,0
4FQY,2.90543844989432,3,0,1,1,0,0,0,0,0,0,0,0,0,0,0,0,1
4FQY,3.275863367121965,3,0,0,0,0,0,0,1,0,1,0,0,1,0,0,0,0
4FQY,2.937740392421789,3,0,0,0,0,0,0,0,0,1,0,0,1,0,1,0,0
4FQY,3.3022645346336934,3,1,1,0,0,1,0,0,0,0,0,0,0,0,0,0,0
4FQY,2.4074921918793803,3,1,0,0,1,0,0,0,0,0,0,0,0,0,1,0,0
4FQY,3.3945904954357964,3,0,0,0,1,0,0,0,0,0,0,0,0,1,0,0,1
4FQY,2.77279858824246,3,0,0,1,1,0,0,0,0,0,1,0,0,0,0,0,0
4FQY,3.0282251862321905,3,0,0,1,1,0,0,0,0,0,0,0,0,0,0,0,1
4FQY,2.921114272388667,3,0,0,1,1,0,0,0,0,0,0,0,0,1,0,0,0
4FQY,3.544938388466907,3,0,1,0,0,0,0,0,0,1,0,0,0,0,1,0,0
4FQY,3.116792367394779,3,0,0,0,0,0,1,0,0,0,1,0,1,0,0,0,0
4FQY,3.2155845376194367,3,0,0,0,0,1,0,0,0,0,0,0,1,1,0,0,0
4FQY,3.036658942790905,3,1,0,0,1,0,0,0,0,0,0,0,1,0,0,0,0
4FQY,3.460788637358858,3,0,0,0,0,0,1,1,0,0,0,0,1,0,0,0,0
4FQY,3.5398514524314564,3,1,0,0,1,1,0,0,0,0,0,0,0,0,0,0,0
4FQY,2.8211955725986857,3,0,1,1,0,0,0,0,0,0,0,0,0,0,1,0,0
4FQY,3.4156651732788,3,0,0,0,1,0,0,0,1,0,0,0,0,0,0,0,1
4FQY,3.2134586853057416,3,0,1,0,0,0,0,0,0,1,0,0,0,0,0,0,1
4FQY,2.9997062437110484,3,0,1,1,0,0,0,0,1,0,0,0,0,0,0,0,0
4FQY,2.972019728296692,3,0,0,0,1,0,0,0,0,0,1,0,0,1,0,0,0
4FQY,3.478946290241054,3,0,1,1,0,0,0,0,0,1,0,0,0,0,0,0,0
4FQY,3.466972608564565,3,1,1,0,0,0,0,0,0,0,0,0,0,0,0,1,0
4FQY,3.4741135371867644,3,0,1,1,0,0,0,0,0,0,1,0,0,0,0,0,0
4FQY,3.3435458077876112,3,0,1,0,0,0,0,0,1,0,0,0,0,0,1,0,0
4FQY,3.485606137113423,3,0,1,0,0,0,0,0,1,0,1,0,0,0,0,0,0
4FQY,3.023783729464841,3,0,0,0,1,0,0,0,0,1,1,0,0,0,0,0,0
4FQY,3.207386880567749,3,0,0,1,1,0,0,0,0,1,0,0,0,0,0,0,0
4FQY,3.5007754849652577,3,0,0,0,0,1,0,0,0,0,1,0,1,0,0,0,0
4FQY,3.4600161462515966,3,0,0,0,1,0,0,1,0,0,1,0,0,0,0,0,0
4FQY,3.451112039137245,3,0,1,0,0,0,0,0,0,1,1,0,0,0,0,0,0
4FQY,3.0146933844273383,3,0,0,0,1,0,0,0,0,0,1,0,0,0,0,0,1
4FQY,3.4943791276183074,3,0,0,0,1,0,1,0,0,0,1,0,0,0,0,0,0
4FQY,0.8508843003115025,4,1,0,0,0,0,1,1,0,0,0,0,0,0,0,0,1
4FQY,1.2665605991476974,4,1,0,0,0,0,0,0,0,0,0,0,1,0,0,1,1
4FQY,1.1387400416795384,4,0,0,0,0,0,0,0,1,0,0,0,0,1,0,1,1
4FQY,1.723495156365652,4,1,0,0,0,0,0,1,0,0,0,0,1,0,0,0,1
4FQY,-0.2639817527430483,4,1,0,0,0,0,0,0,1,1,0,0,0,0,1,0,0
4FQY,2.5052836170400896,4,1,1,0,0,0,0,0,0,0,0,0,0,1,1,0,0
4FQY,0.7618950947778725,4,1,0,0,0,0,0,0,0,0,0,0,1,1,0,0,1
4FQY,0.9411247105631813,4,1,0,0,0,0,0,0,0,0,1,0,1,0,0,0,1
4FQY,2.2197369724582936,4,0,0,0,0,0,1,1,1,0,0,0,0,0,0,1,0
4FQY,1.2372972585910345,4,0,0,0,0,0,0,0,1,0,0,0,0,0,1,1,1
4FQY,1.58289307650051,4,0,0,0,0,0,0,1,1,0,0,0,0,0,0,1,1
4FQY,0.8316872827646566,4,1,0,0,0,0,0,0,1,0,0,0,1,0,1,0,0
4FQY,0.613414592077521,4,1,0,1,0,0,1,1,0,0,0,0,0,0,0,0,0
4FQY,1.9543458239867757,4,0,0,1,0,0,1,1,0,0,0,0,0,0,0,1,0
4FQY,1.7179440949786342,4,0,0,0,0,0,0,1,0,0,0,0,0,0,1,1,1
4FQY,-0.4395619713523995,4,1,0,0,0,0,0,0,1,0,0,0,0,1,0,0,1
4FQY,1.68302491367508,4,0,0,1,0,0,0,1,0,0,0,0,0,0,0,1,1
4FQY,-0.5050810621502366,4,1,0,1,0,0,0,0,0,0,0,0,0,0,1,0,1
4FQY,0.7626497496613398,4,1,0,1,0,0,0,0,0,0,0,0,1,0,1,0,0
4FQY,1.03598758803148,4,1,0,0,0,0,0,0,0,0,0,0,1,1,0,1,0
4FQY,2.108230397228858,4,0,0,1,0,0,1,0,0,0,0,0,0,1,0,1,0
4FQY,1.5203333281329567,4,1,0,1,0,0,0,1,0,0,0,0,1,0,0,0,0
4FQY,0.3488132034740621,4,1,0,0,0,1,0,0,1,0,0,0,0,0,0,0,1
4FQY,1.3887806498026307,4,0,0,0,0,0,0,1,1,0,0,0,0,1,0,1,0
4FQY,1.4732901211189529,4,0,0,1,0,0,0,1,0,0,0,0,0,0,1,1,0
4FQY,1.484101473169097,4,1,0,0,0,0,0,1,0,0,0,0,0,0,0,1,1
4FQY,1.3892682151212228,4,0,0,1,0,0,0,1,0,0,0,0,0,1,0,1,0
4FQY,2.030192442634349,4,0,0,1,0,0,1,0,1,0,0,0,0,0,0,1,0
4FQY,1.6902942923260846,4,0,0,1,0,0,1,0,0,0,0,0,0,0,1,0,1
4FQY,1.1535404401648826,4,1,0,0,0,0,1,0,0,0,0,0,0,1,0,0,1
4FQY,1.940160488766569,4,0,0,0,0,1,0,0,1,0,0,0,0,0,0,1,1
4FQY,-0.4420334473561628,4,1,0,0,0,0,0,0,1,0,0,0,0,0,1,0,1
4FQY,1.3639996649616497,4,0,0,0,0,0,0,1,0,0,0,0,0,1,1,1,0
4FQY,1.825401726383404,4,1,0,0,0,0,1,1,0,0,0,0,0,0,0,1,0
4FQY,1.3557374742169384,4,0,0,1,0,0,0,0,0,0,1,0,0,1,0,1,0
4FQY,0.1229686103295311,4,1,0,1,0,0,0,1,1,0,0,0,0,0,0,0,0
4FQY,-0.0241324248875359,4,1,0,0,0,0,0,0,1,1,0,0,0,1,0,0,0
4FQY,1.2342290787957912,4,0,0,1,0,0,0,0,0,0,0,0,0,0,1,1,1
4FQY,1.639202467044078,4,1,0,0,0,0,0,1,0,0,0,0,1,0,0,1,0
4FQY,-0.4370418138005698,4,1,0,1,0,0,0,0,0,0,0,0,0,1,0,0,1
4FQY,1.5564879717912268,4,0,0,0,0,0,1,1,0,0,0,0,0,0,1,0,1
4FQY,0.5691520280747607,4,1,0,1,0,0,0,0,0,0,0,0,1,0,0,0,1
4FQY,1.342634203021516,4,0,0,0,0,0,0,1,1,0,0,0,0,1,1,0,0
4FQY,0.9042141751598664,4,1,0,0,0,0,0,0,1,0,0,0,1,0,0,0,1
4FQY,1.5373966394814285,4,0,0,0,0,0,1,1,1,0,0,0,0,0,0,0,1
4FQY,0.2929975825452522,4,0,0,0,0,0,0,0,1,0,0,0,0,1,1,0,1
4FQY,1.7303142854299585,4,0,0,0,0,0,0,0,1,0,1,0,0,0,0,1,1
4FQY,1.3017096590708843,4,1,0,0,0,0,0,0,0,0,0,0,1,0,1,1,0
4FQY,1.7596524924074672,4,0,0,0,0,1,0,1,0,0,0,0,0,1,0,0,1
4FQY,0.8416060995162611,4,0,0,1,0,0,0,0,1,0,0,0,0,0,1,1,0
4FQY,1.5709629216414136,4,0,0,0,0,0,0,0,1,0,1,0,0,0,1,1,0
4FQY,1.67337587584134,4,0,0,0,0,1,0,0,0,1,0,0,0,1,0,0,1
4FQY,0.044575447879194,4,1,0,1,0,0,0,1,0,0,0,0,0,0,1,0,0
4FQY,0.731719653608621,4,1,0,0,0,0,0,0,1,0,0,0,0,0,0,1,1
4FQY,0.978565364916628,4,1,0,0,0,0,1,0,0,0,0,0,0,0,1,0,1
4FQY,1.895128958662997,4,0,0,0,0,0,1,1,1,0,1,0,0,0,0,0,0
4FQY,-0.2892449922409874,4,1,0,0,0,0,0,0,0,0,1,0,0,1,0,0,1
4FQY,2.1355849615589517,4,0,0,0,0,0,0,0,0,0,1,0,1,1,0,1,0
4FQY,1.9585421034139583,4,0,0,0,0,0,1,1,0,0,1,0,0,0,0,0,1
4FQY,2.185134767761586,4,0,0,0,0,0,1,0,1,0,0,0,0,1,0,1,0
4FQY,2.057684590358349,4,0,0,1,0,0,0,1,0,0,0,0,1,0,0,1,0
4FQY,1.5278524282351829,4,0,0,0,0,0,0,1,0,0,1,0,0,1,0,1,0
4FQY,1.0440446363801332,4,0,0,0,0,0,0,0,0,0,0,0,0,1,1,1,1
4FQY,1.8356147161115717,4,1,1,1,0,0,0,0,0,0,0,0,0,0,1,0,0
4FQY,0.4846822753619612,4,1,0,1,0,0,0,0,1,0,0,0,1,0,0,0,0
4FQY,0.5541748200804093,4,1,0,0,0,0,0,1,0,0,0,0,0,1,0,0,1
4FQY,0.6545373802423332,4,1,0,0,0,0,0,0,0,0,0,0,0,0,1,1,1
4FQY,1.0375401834255984,4,1,0,1,0,0,0,0,0,0,0,0,1,0,0,1,0
4FQY,0.1015949760868703,4,1,0,1,0,0,0,1,0,0,0,0,0,1,0,0,0
4FQY,1.8119718395705449,4,0,0,0,0,0,0,0,0,0,0,0,1,1,0,1,1
4FQY,1.1490748543608147,4,1,0,0,0,0,0,1,0,0,0,0,0,0,1,1,0
4FQY,0.9878878949752,4,1,0,0,0,0,1,0,0,0,0,0,0,1,1,0,0
4FQY,1.8925992009595085,4,1,0,1,0,0,1,0,0,0,0,0,0,0,0,1,0
4FQY,2.186352270028475,4,0,0,0,0,0,1,0,1,0,0,0,0,0,1,1,0
4FQY,2.1589838460292787,4,0,0,0,0,0,1,1,0,0,0,0,0,0,0,1,1
4FQY,1.8676964778367109,4,0,0,0,0,0,0,1,0,0,1,0,0,0,0,1,1
4FQY,0.141358637605183,4,1,0,1,0,1,0,0,0,0,0,0,0,0,1,0,0
4FQY,1.4329861951863654,4,1,0,0,0,0,0,0,0,0,1,0,0,0,0,1,1
4FQY,1.7868411673304008,4,0,0,0,0,0,0,0,0,0,1,0,0,0,1,1,1
4FQY,0.2770373994419726,4,1,0,0,0,0,0,1,1,0,0,0,0,0,1,0,0
4FQY,1.7526597807991144,4,0,0,0,0,0,1,0,1,0,0,0,0,0,1,0,1
4FQY,2.366958638417068,4,0,0,0,0,0,1,0,1,0,0,0,0,0,0,1,1
4FQY,0.609559293337624,4,1,0,1,0,0,0,0,0,0,0,0,0,0,1,1,0
4FQY,-0.4939276030276434,4,1,0,1,0,0,0,0,1,0,0,0,0,1,0,0,0
4FQY,-0.4190574761964576,4,1,0,1,0,0,0,0,1,0,0,0,0,0,1,0,0
4FQY,0.4092369545737038,4,1,0,1,0,0,0,0,0,0,0,0,0,1,0,1,0
4FQY,0.7160045817161633,4,1,0,0,0,0,0,0,0,0,0,0,0,1,0,1,1
4FQY,1.7095200106847634,4,0,0,0,0,0,0,0,0,1,1,0,0,1,0,1,0
4FQY,1.6270501384634226,4,0,0,1,0,0,0,0,0,0,0,0,1,1,0,1,0
4FQY,1.0531213593801934,4,0,0,1,0,0,0,0,0,0,0,0,0,1,0,1,1
4FQY,2.124775965975581,4,0,0,1,0,0,1,0,0,0,1,0,0,0,0,1,0
4FQY,0.4101190766662398,4,0,0,1,0,0,0,0,0,1,0,0,0,0,1,0,1
4FQY,0.2834367179165169,4,1,0,0,0,1,0,0,0,0,0,0,0,0,1,0,1
4FQY,-0.4612089469269582,4,1,0,1,0,0,0,1,0,0,1,0,0,0,0,0,0
4FQY,-0.4136235025924069,4,1,0,0,0,0,0,1,0,0,1,0,0,1,0,0,0
4FQY,1.6365795313857094,4,0,0,0,0,0,1,0,0,0,1,0,0,1,0,0,1
4FQY,1.5983020327335962,4,0,0,0,0,0,0,0,0,1,0,0,0,1,0,1,1
4FQY,1.921096490186492,4,0,0,0,0,1,0,0,0,0,0,0,0,0,1,1,1
4FQY,0.4335496485523351,4,1,0,0,0,0,0,1,0,0,0,0,0,1,1,0,0
4FQY,0.7506190873272693,4,1,0,1,0,0,1,0,0,0,0,0,0,0,1,0,0
4FQY,1.7090452960466658,4,1,0,0,0,1,1,0,0,0,0,0,0,0,0,0,1
4FQY,0.5827159472542325,4,1,0,0,0,0,0,1,0,1,0,0,0,0,0,0,1
4FQY,0.8667365455160193,4,1,0,0,0,0,0,0,0,0,0,0,1,0,1,0,1
4FQY,1.5799703818615465,4,0,0,1,0,1,0,0,1,0,0,0,0,0,0,1,0
4FQY,-0.0663393612192511,4,1,0,0,0,0,0,1,1,0,1,0,0,0,0,0,0
4FQY,1.3898923023053984,4,0,0,0,0,0,0,1,1,1,0,0,0,1,0,0,0
4FQY,-0.3804359648722475,4,1,0,1,0,0,0,0,0,0,1,0,0,0,1,0,0
4FQY,1.110382642107028,4,1,0,0,0,1,0,1,0,0,0,0,0,0,0,0,1
4FQY,0.1966796668972716,4,0,0,1,0,0,0,0,0,0,0,0,0,1,1,0,1
4FQY,1.6761815685201864,4,0,0,1,0,1,0,0,0,0,0,0,0,1,0,1,0
4FQY,0.9229718320408538,4,1,0,1,0,0,1,0,0,1,0,0,0,0,0,0,0
4FQY,1.2517861866385285,4,1,0,0,0,0,1,0,1,0,0,0,0,0,0,0,1
4FQY,1.802010965073124,4,0,0,0,0,0,1,0,1,0,0,0,0,1,0,0,1
4FQY,0.2992638165859317,4,1,0,0,0,0,0,1,0,0,0,0,0,0,1,0,1
4FQY,1.6721557238815248,4,0,0,1,0,1,0,0,0,0,1,0,0,0,1,0,0
4FQY,1.7713064964203158,4,0,0,0,0,0,0,0,1,0,0,0,1,0,1,1,0
4FQY,1.694647494774339,4,0,0,1,0,1,1,1,0,0,0,0,0,0,0,0,0
4FQY,1.37372673286439,4,0,0,1,0,0,0,0,0,1,0,0,0,1,0,1,0
4FQY,2.164202428885988,4,0,0,0,0,0,0,1,0,0,0,0,1,0,0,1,1
4FQY,1.7376087694701725,4,0,0,1,0,0,0,0,0,1,1,0,0,0,0,1,0
4FQY,1.5502288134305753,4,0,0,1,0,0,0,1,1,0,0,0,0,0,0,1,0
4FQY,1.6520667027425753,4,0,0,1,0,1,0,0,0,0,0,0,0,0,1,1,0
4FQY,1.1827572995628777,4,0,0,0,0,1,0,0,1,0,0,0,0,0,1,0,1
4FQY,1.8856160490459777,4,0,0,0,0,0,0,1,0,1,0,0,0,0,0,1,1
4FQY,0.9275951543712306,4,1,0,1,0,0,1,0,0,0,0,0,0,1,0,0,0
4FQY,1.517808500589979,4,0,0,0,0,0,0,0,0,1,0,0,0,0,1,1,1
4FQY,1.0198094116391954,4,1,0,0,0,0,1,0,1,0,0,0,0,1,0,0,0
4FQY,2.1019269915952137,4,0,0,1,0,0,1,0,0,0,0,0,0,0,0,1,1
4FQY,0.3047629142375964,4,1,0,1,0,0,0,1,0,0,0,0,0,0,0,0,1
4FQY,0.0873672089128318,4,1,0,1,0,0,0,0,0,1,0,0,0,1,0,0,0
4FQY,1.4973703204687647,4,0,0,0,0,0,0,1,0,0,0,0,0,1,0,1,1
4FQY,1.590946132821883,4,0,0,1,0,0,0,1,0,1,0,0,0,0,0,1,0
4FQY,1.6577704378068194,4,0,0,0,0,0,0,1,0,1,0,0,0,1,0,1,0
4FQY,1.8225273066656376,4,0,0,1,0,0,0,0,0,0,0,0,1,0,1,1,0
4FQY,2.166943196114897,4,0,0,1,0,1,0,1,0,0,0,0,0,0,0,1,0
4FQY,1.1261319112739618,4,0,0,0,0,0,0,1,1,0,1,0,0,0,0,0,1
4FQY,0.3559956635246765,4,1,0,0,0,0,0,0,0,0,0,0,0,1,1,1,0
4FQY,1.96215679494254,4,1,0,0,0,0,1,0,0,0,0,0,1,0,0,0,1
4FQY,0.7562034677565277,4,0,0,1,0,0,0,0,1,0,1,0,0,0,1,0,0
4FQY,1.699878777259308,4,0,0,0,0,0,0,1,1,1,0,0,0,0,0,1,0
4FQY,0.7616393106856553,4,1,0,1,0,0,0,0,1,0,0,0,0,0,0,1,0
4FQY,1.2023795599305034,4,1,0,0,0,1,0,1,0,0,0,0,0,1,0,0,0
4FQY,0.215453455462713,4,1,0,1,0,1,0,0,0,0,0,0,0,1,0,0,0
4FQY,-0.2182481732069025,4,1,0,1,0,0,0,0,0,0,0,0,0,1,1,0,0
4FQY,2.1834726068268444,4,0,0,0,0,0,1,0,0,0,1,0,0,1,0,1,0
4FQY,-0.4085108256771892,4,1,0,1,0,0,0,0,1,0,0,0,0,0,0,0,1
4FQY,1.0617918359392695,4,1,0,0,0,0,0,0,1,0,0,0,1,1,0,0,0
4FQY,1.6712959012415254,4,0,0,1,0,0,1,0,1,0,0,0,0,0,0,0,1
4FQY,1.4683012656921277,4,0,0,1,0,0,1,1,0,0,0,0,0,1,0,0,0
4FQY,2.121230903024391,4,0,0,0,0,0,1,1,0,1,0,0,0,0,0,1,0
4FQY,0.0524371649036952,4,1,0,0,0,0,0,1,0,0,1,0,0,0,0,0,1
4FQY,1.8225254923614116,4,0,0,0,0,1,0,0,0,0,0,0,0,1,0,1,1
4FQY,1.2047682569478328,4,1,0,0,0,0,0,0,1,0,0,0,1,0,0,1,0
4FQY,1.49574836773314,4,0,0,1,0,0,0,0,0,0,1,0,0,0,1,1,0
4FQY,0.6171858170301326,4,1,0,1,0,0,0,0,0,0,0,0,0,0,0,1,1
4FQY,1.896989034909635,4,0,0,0,0,0,0,1,0,1,1,0,0,0,0,1,0
4FQY,1.4316074179982612,4,0,0,0,0,0,0,1,1,0,0,0,0,0,1,1,0
4FQY,0.9791471264802908,4,1,0,0,0,0,1,1,0,1,0,0,0,0,0,0,0
4FQY,1.450907906534063,4,0,0,0,0,0,1,1,0,0,0,0,0,1,1,0,0
4FQY,1.753781648658185,4,0,0,0,0,1,0,0,0,0,0,0,0,1,1,1,0
4FQY,1.878217076547432,4,0,0,1,0,1,0,0,0,0,0,0,0,0,0,1,1
4FQY,0.5809372142914325,4,1,0,0,0,0,1,1,0,0,1,0,0,0,0,0,0
4FQY,1.85148178406496,4,0,0,0,0,0,1,0,0,1,0,0,0,0,1,0,1
4FQY,0.9924472153436692,4,0,0,0,0,0,0,0,1,1,0,0,0,1,0,0,1
4FQY,0.8146965391284127,4,1,0,0,0,0,0,1,0,1,0,0,0,1,0,0,0
4FQY,1.6207587953439802,4,0,0,0,0,0,0,1,1,0,1,0,0,0,0,1,0
4FQY,1.5460680858718283,4,0,0,1,0,0,1,0,1,0,1,0,0,0,0,0,0
4FQY,1.2313613381714543,4,1,0,1,0,0,0,0,0,1,0,0,1,0,0,0,0
4FQY,2.2704133137302613,4,0,0,0,0,0,1,0,0,0,0,0,0,0,1,1,1
4FQY,1.634666320142351,4,0,0,0,0,0,0,0,0,0,1,0,0,1,0,1,1
4FQY,1.2981304094814283,4,1,0,0,0,0,0,1,1,0,0,0,0,0,0,1,0
4FQY,1.7018501369629102,4,1,0,0,0,1,0,0,0,0,0,0,1,0,1,0,0
4FQY,1.321036640558196,4,1,0,0,0,0,0,0,0,1,0,0,0,1,0,1,0
4FQY,1.3819014673565022,4,0,0,1,0,0,0,0,0,1,0,0,0,0,1,1,0
4FQY,1.6144265723968367,4,1,0,0,0,0,0,1,0,0,0,0,1,1,0,0,0
4FQY,1.0420998513215327,4,0,0,0,0,0,0,1,1,0,0,0,0,0,1,0,1
4FQY,0.945650892539726,4,0,0,1,0,0,0,1,0,0,0,0,0,1,1,0,0
4FQY,0.9391432619035848,4,1,0,0,0,0,1,1,1,0,0,0,0,0,0,0,0
4FQY,0.3169169655730074,4,0,0,1,0,0,0,0,1,0,0,0,0,0,1,0,1
4FQY,1.3560121556234734,4,1,0,0,0,0,0,0,0,1,0,0,0,0,0,1,1
4FQY,1.1080086130952902,4,1,0,1,0,0,0,1,0,0,0,0,0,0,0,1,0
4FQY,2.78472039977266,4,1,0,1,1,0,0,0,0,0,0,0,0,0,0,0,1
4FQY,2.3064464290278672,4,1,0,0,1,0,0,0,1,0,0,0,0,1,0,0,0
4FQY,0.6289032594506009,4,1,0,1,0,0,0,0,0,0,0,0,1,1,0,0,0
4FQY,1.199336118475432,4,0,0,0,0,0,0,1,1,0,1,0,0,0,1,0,0
4FQY,-0.4061316299000142,4,1,0,0,0,0,0,0,0,0,0,0,0,1,1,0,1
4FQY,1.2211454985006789,4,1,0,0,0,0,0,1,0,0,0,0,0,1,0,1,0
4FQY,0.772007428736359,4,0,0,1,0,0,0,1,1,0,0,0,0,0,1,0,0
4FQY,1.4727393722330937,4,0,0,0,0,0,0,0,1,1,0,0,0,0,0,1,1
4FQY,1.7993853315045918,4,0,0,0,0,0,0,0,0,0,0,0,1,1,1,1,0
4FQY,1.2867788097924844,4,0,0,1,0,0,0,0,1,0,1,0,0,0,0,1,0
4FQY,1.5107654503228674,4,0,0,1,0,0,0,1,0,0,1,0,0,0,0,1,0
4FQY,0.3473267208496259,4,1,0,0,0,0,0,1,1,0,0,0,0,1,0,0,0
4FQY,1.3524532712347423,4,0,0,0,0,0,0,1,1,1,0,0,0,0,0,0,1
4FQY,0.7402733789160975,4,1,0,0,0,0,0,1,1,0,0,0,0,0,0,0,1
4FQY,-0.028586218340125,4,1,0,1,0,0,0,0,0,1,0,0,0,0,1,0,0
4FQY,1.1774330891209617,4,0,0,1,0,0,0,0,1,0,0,0,0,0,0,1,1
4FQY,0.7518123042290207,4,1,0,0,0,0,1,0,0,0,1,0,0,0,0,0,1
4FQY,1.3680252513121025,4,0,0,0,0,0,0,0,1,1,0,0,0,0,1,1,0
4FQY,1.637119197956429,4,1,0,0,0,1,0,1,0,0,0,0,0,0,0,1,0
4FQY,-0.5453193819879144,4,1,0,1,0,0,0,0,0,0,1,0,0,1,0,0,0
4FQY,1.0737779377645265,4,1,0,0,0,0,0,0,0,0,1,0,1,0,1,0,0
4FQY,1.2682929579710158,4,0,0,1,0,0,1,1,0,0,0,0,0,0,1,0,0
4FQY,2.111267029244799,4,0,0,1,0,0,1,0,0,1,0,0,0,0,0,1,0
4FQY,-0.2309646783660581,4,1,0,0,0,0,0,0,1,0,1,0,0,0,0,0,1
4FQY,2.322788554994756,4,0,0,0,0,1,0,1,1,0,0,0,0,0,0,1,0
4FQY,1.2682288015081074,4,0,0,0,0,0,0,1,1,0,0,0,0,1,0,0,1
4FQY,1.1164889650540415,4,0,0,1,0,0,0,1,1,0,0,0,0,0,0,0,1
4FQY,2.16913874378252,4,0,0,1,0,0,1,0,0,0,0,0,0,0,1,1,0
4FQY,1.5820967047443848,4,0,0,1,0,1,0,1,0,0,0,0,0,0,0,0,1
4FQY,1.206748387396874,4,1,0,0,0,1,1,1,0,0,0,0,0,0,0,0,0
4FQY,-0.2148111847081412,4,1,0,0,0,0,0,0,1,0,1,0,0,0,1,0,0
4FQY,0.7684863238509311,4,1,0,1,0,0,1,0,1,0,0,0,0,0,0,0,0
4FQY,1.744458514878842,4,0,0,0,0,0,1,0,1,0,1,0,0,1,0,0,0
4FQY,1.3743643054494137,4,1,0,0,0,0,1,0,0,1,0,0,0,0,1,0,0
4FQY,1.877251967213301,4,0,0,0,0,0,1,1,0,0,0,0,0,1,0,1,0
4FQY,0.9107644924388972,4,0,0,1,0,1,0,0,0,0,0,0,0,0,1,0,1
4FQY,0.6979938177636078,4,1,0,0,0,0,0,1,1,1,0,0,0,0,0,0,0
4FQY,-0.4954667808619514,4,1,0,0,0,0,0,0,1,0,0,0,0,1,1,0,0
4FQY,1.812947058531434,4,0,0,0,0,0,0,1,0,0,1,0,0,0,1,1,0
4FQY,0.5955959380854325,4,0,0,1,0,0,0,0,1,0,0,0,0,1,0,0,1
4FQY,1.9245804458222464,4,0,0,0,0,1,0,0,1,0,0,0,0,1,0,1,0
4FQY,1.1912419231205824,4,1,0,0,0,0,0,0,0,0,1,0,0,1,0,1,0
4FQY,1.2023677724443238,4,0,0,1,0,0,0,1,1,1,0,0,0,0,0,0,0
4FQY,1.0251622235312274,4,0,0,0,0,0,0,0,1,0,0,0,0,1,1,1,0
4FQY,1.186858616318144,4,0,0,1,0,0,0,0,0,0,0,0,0,1,1,1,0
4FQY,-0.094735398415662,4,1,0,0,0,0,0,0,0,0,1,0,0,0,1,0,1
4FQY,1.468405417628711,4,0,0,0,0,0,1,1,0,1,0,0,0,0,1,0,0
4FQY,0.5354343097755104,4,1,0,0,0,0,0,0,1,0,0,0,0,0,1,1,0
4FQY,2.029828826170193,4,1,0,0,0,0,0,1,0,1,0,0,1,0,0,0,0
4FQY,1.3948739925954,4,0,0,1,0,0,1,1,0,0,0,0,0,0,0,0,1
4FQY,1.0730151624177615,4,1,0,0,0,0,1,0,1,0,0,0,0,0,1,0,0
4FQY,1.815060999774352,4,1,0,0,0,0,1,1,0,0,0,0,1,0,0,0,0
4FQY,1.470935001603619,4,0,0,1,0,1,0,1,1,0,0,0,0,0,0,0,0
4FQY,0.5344701811851071,4,1,0,0,0,1,0,0,0,0,0,0,0,1,0,0,1
4FQY,2.1030300219560374,4,1,0,0,0,1,0,1,0,0,0,0,1,0,0,0,0
4FQY,1.0760800754573916,4,0,0,1,0,0,0,1,0,0,0,0,0,1,0,0,1
4FQY,1.5684254628672705,4,0,0,0,0,1,0,1,0,0,0,0,0,1,1,0,0
4FQY,2.392359914483696,4,0,0,1,0,0,0,0,0,1,0,0,1,0,0,1,0
4FQY,1.6294958044731689,4,0,0,0,0,1,0,0,0,1,0,0,0,0,1,0,1
4FQY,1.142075779027575,4,0,0,0,0,0,0,0,1,0,1,0,0,0,1,0,1
4FQY,1.6871113787938812,4,1,0,0,0,0,1,0,0,0,0,0,0,0,0,1,1
4FQY,1.6000155360002617,4,0,0,1,0,0,1,0,1,0,0,0,0,1,0,0,0
4FQY,1.7644892453916088,4,1,0,0,0,0,1,0,0,0,0,0,0,0,1,1,0
4FQY,1.275972576762168,4,0,0,0,0,0,0,0,0,1,1,0,0,0,1,0,1
4FQY,1.4146314975135543,4,1,0,0,0,1,0,0,1,0,0,0,0,0,0,1,0
4FQY,1.876865831020012,4,0,0,1,0,1,0,1,0,1,0,0,0,0,0,0,0
4FQY,1.494607389086285,4,0,0,1,0,0,1,0,0,0,1,0,0,1,0,0,0
4FQY,1.112246589134765,4,0,0,0,0,0,0,1,0,0,1,0,0,1,0,0,1
4FQY,1.3486724030651838,4,0,0,1,0,0,1,0,1,0,0,0,0,0,1,0,0
4FQY,2.9337745335371275,4,1,1,0,0,0,0,0,0,0,1,0,0,1,0,0,0
4FQY,0.7310411678273357,4,1,0,1,0,1,0,1,0,0,0,0,0,0,0,0,0
4FQY,1.4987474919311596,4,0,0,0,0,0,0,1,0,1,0,0,0,1,0,0,1
4FQY,1.6430671296065946,4,0,0,1,0,0,1,0,0,0,0,0,0,1,1,0,0
4FQY,0.8142323668925024,4,1,0,0,0,0,0,0,0,0,0,0,1,1,1,0,0
4FQY,0.958345455289935,4,1,0,0,0,0,1,1,0,0,0,0,0,1,0,0,0
4FQY,1.2868658682787406,4,1,0,0,0,0,0,1,0,0,1,0,0,0,0,1,0
4FQY,1.9459139418667368,4,0,0,0,0,1,0,0,0,0,0,0,1,1,0,1,0
4FQY,2.068952297001699,4,0,0,0,0,1,0,0,0,1,0,0,0,1,0,1,0
4FQY,-0.4082234870688961,4,1,0,0,0,0,0,0,1,1,1,0,0,0,0,0,0
4FQY,1.7980755945256732,4,0,0,0,0,0,0,0,0,0,0,0,1,0,1,1,1
4FQY,2.3388565139801663,4,0,0,0,0,0,1,0,0,1,0,0,0,1,0,1,0
4FQY,1.2888222133313996,4,0,0,0,0,1,0,0,1,0,0,0,0,1,0,0,1
4FQY,1.8901057720425731,4,0,0,0,0,0,1,0,1,1,1,0,0,0,0,0,0
4FQY,1.4767270957522372,4,0,0,1,0,0,1,0,0,0,0,0,0,1,0,0,1
4FQY,1.610274240477278,4,1,0,0,0,1,0,0,0,0,0,0,1,0,0,0,1
4FQY,1.5401368421326616,4,0,0,1,0,0,0,0,0,1,0,0,0,0,0,1,1
4FQY,0.4644113460048022,4,0,0,0,0,0,0,0,1,1,0,0,0,0,1,0,1
4FQY,1.6239233310412862,4,0,0,1,0,0,1,1,0,0,1,0,0,0,0,0,0
4FQY,1.510752214600742,4,0,0,0,0,0,0,1,0,1,0,0,0,1,1,0,0
4FQY,2.360327748501106,4,0,0,0,0,1,0,1,0,0,0,0,0,0,0,1,1
4FQY,1.669376457224536,4,0,0,0,0,0,0,0,1,0,0,0,1,1,0,1,0
4FQY,0.8785244162947123,4,0,0,0,0,0,0,0,0,1,1,0,0,1,1,0,0
4FQY,-0.2213436940101916,4,1,0,0,0,0,0,0,1,0,1,0,0,1,0,0,0
4FQY,1.7282759324947048,4,0,0,0,0,0,1,0,0,0,0,0,0,1,1,0,1
4FQY,2.054754511734528,4,0,0,0,0,1,0,0,0,1,0,0,0,0,0,1,1
4FQY,0.9365126388830468,4,0,0,1,0,0,0,0,0,1,1,0,0,0,0,0,1
4FQY,1.5098385718252827,4,1,0,0,0,0,0,1,0,1,0,0,0,0,0,1,0
4FQY,1.8985911529898167,4,0,0,0,0,0,1,0,0,1,0,0,0,1,0,0,1
4FQY,2.19208194520475,4,1,0,1,1,0,0,0,0,0,0,0,0,1,0,0,0
4FQY,-0.2902237146624063,4,1,0,1,0,0,0,0,1,0,1,0,0,0,0,0,0
4FQY,1.793490301734855,4,1,0,0,0,0,0,1,0,0,0,0,1,0,1,0,0
4FQY,2.546636725708401,4,0,0,1,0,0,0,1,0,0,1,0,1,0,0,0,0
4FQY,0.6508792303896426,4,1,0,0,0,1,0,0,1,0,0,0,0,1,0,0,0
4FQY,0.4050669751719629,4,1,0,0,0,0,0,0,1,0,0,0,0,1,0,1,0
4FQY,0.5117868495990066,4,1,0,1,0,0,1,0,0,0,1,0,0,0,0,0,0
4FQY,1.736114011318795,4,1,1,0,0,0,0,0,1,0,0,0,0,0,0,0,1
4FQY,1.5358560134516503,4,0,0,1,0,0,1,1,0,1,0,0,0,0,0,0,0
4FQY,1.6561420267522566,4,0,0,1,0,0,1,0,0,1,0,0,0,0,1,0,0
4FQY,2.194834469544471,4,0,0,0,0,0,0,0,1,0,0,0,1,1,0,0,1
4FQY,1.4149324689410998,4,0,0,1,0,0,0,1,0,1,0,0,0,1,0,0,0
4FQY,1.7920210969119603,4,0,0,1,0,0,1,0,0,0,1,0,0,0,1,0,0
4FQY,0.8145400676402672,4,0,0,1,0,0,0,0,1,0,0,0,0,1,0,1,0
4FQY,0.7880966867089354,4,0,0,1,0,0,0,0,0,1,1,0,0,1,0,0,0
4FQY,1.6032994478501137,4,1,0,0,0,0,0,0,0,0,1,0,0,0,1,1,0
4FQY,0.726828738680629,4,0,0,1,0,0,0,0,0,1,0,0,0,1,1,0,0
4FQY,0.2233042586919134,4,1,0,0,0,0,0,0,0,1,0,0,0,1,1,0,0
4FQY,1.1456454540510026,4,1,0,0,0,0,0,0,0,1,0,0,1,0,0,0,1
4FQY,1.6425480774313963,4,1,0,0,0,0,0,1,1,0,0,0,1,0,0,0,0
4FQY,2.258387157905229,4,0,0,0,0,0,1,1,0,0,1,0,0,0,0,1,0
4FQY,1.2320389515223225,4,0,0,0,0,0,0,0,0,1,1,0,0,1,0,0,1
4FQY,0.7153631427728879,4,0,0,1,0,0,0,0,0,0,1,0,0,1,0,0,1
4FQY,0.3500012043922961,4,1,0,0,0,0,0,0,0,1,0,0,0,0,1,0,1
4FQY,0.9662242516906936,4,0,0,1,0,1,0,0,0,0,0,0,0,1,1,0,0
4FQY,1.5276895381073063,4,0,0,0,0,0,0,1,0,0,0,0,0,1,1,0,1
4FQY,1.2351645543329015,4,0,0,1,0,0,1,1,1,0,0,0,0,0,0,0,0
4FQY,0.9613763647722718,4,0,0,1,0,0,0,1,1,0,0,0,0,1,0,0,0
4FQY,1.7193915104994444,4,0,0,1,0,0,0,0,0,0,1,0,0,0,0,1,1
4FQY,2.2260717704373763,4,0,0,0,0,1,0,0,0,1,0,0,0,0,1,1,0
4FQY,1.704368836778521,4,0,0,1,0,0,1,0,0,1,0,0,0,1,0,0,0
4FQY,1.381008802800054,4,0,0,0,0,0,0,0,1,0,1,0,0,1,0,1,0
4FQY,1.7388876852712825,4,0,0,0,0,0,0,0,0,0,1,0,0,1,1,1,0
4FQY,2.108203214531319,4,0,0,0,0,1,0,1,0,0,0,0,0,1,0,1,0
4FQY,1.8682949264025035,4,0,0,1,0,0,0,0,0,0,1,0,1,0,0,1,0
4FQY,1.4742859809457276,4,0,0,0,0,0,1,1,1,0,0,0,0,0,1,0,0
4FQY,1.476724232709889,4,0,0,0,0,1,0,1,0,0,0,0,0,0,1,0,1
4FQY,1.6709877918677,4,0,0,0,0,0,1,1,0,0,0,0,0,1,0,0,1
4FQY,0.9956016654670028,4,1,0,0,0,1,0,0,0,1,1,0,0,0,0,0,0
4FQY,2.2139315750171327,4,0,0,0,0,0,1,0,0,1,0,0,0,0,0,1,1
4FQY,1.998170539610101,4,1,0,0,0,0,1,0,0,0,0,0,1,1,0,0,0
4FQY,0.4242898272360599,4,1,0,0,0,0,0,0,0,1,0,0,0,1,0,0,1
4FQY,1.4531270522798163,4,0,0,0,0,0,0,0,1,1,0,0,0,1,0,1,0
4FQY,1.785423499576256,4,0,0,0,0,1,0,1,1,0,0,0,0,0,0,0,1
4FQY,1.6782253196930763,4,0,0,0,0,1,1,1,0,0,0,0,0,0,0,0,1
4FQY,0.6206155005271075,4,0,0,1,0,0,0,0,1,0,1,0,0,0,0,0,1
4FQY,1.839019103624952,4,0,0,0,0,0,0,1,0,0,0,0,1,1,0,1,0
4FQY,1.4931593208111067,4,0,0,1,0,0,0,0,1,0,0,0,1,0,0,1,0
4FQY,1.5018567699600047,4,0,0,1,0,1,0,1,0,0,0,0,0,0,1,0,0
4FQY,2.682918906973443,4,0,0,0,0,0,0,1,0,0,1,0,1,1,0,0,0
4FQY,1.132888882218008,4,1,0,0,0,0,0,1,0,0,1,0,1,0,0,0,0
4FQY,1.7710955670570567,4,0,0,0,0,1,0,0,1,0,0,0,0,0,1,1,0
4FQY,0.8171379141901219,4,0,0,1,0,0,0,1,0,0,1,0,0,1,0,0,0
4FQY,1.5287022463012845,4,1,0,0,0,1,1,0,1,0,0,0,0,0,0,0,0
4FQY,2.132551441060407,4,0,0,0,0,0,1,0,0,0,0,0,0,1,0,1,1
4FQY,1.6907508375612406,4,0,0,0,0,1,0,1,1,0,0,0,0,1,0,0,0
4FQY,-0.2007339797593184,4,1,0,1,0,0,0,0,0,0,1,0,0,0,0,0,1
4FQY,0.9147834379648986,4,1,0,0,0,0,0,0,1,0,1,0,1,0,0,0,0
4FQY,0.6702586991425866,4,1,0,0,0,0,1,1,0,0,0,0,0,0,1,0,0
4FQY,2.204346274371889,4,0,0,0,0,0,1,0,1,0,1,0,0,0,0,1,0
4FQY,1.974455406549076,4,1,0,0,0,0,1,0,1,0,0,0,1,0,0,0,0
4FQY,2.60534441378616,4,0,0,0,0,0,0,1,0,0,1,0,1,0,0,0,1
4FQY,0.9852028359730822,4,1,0,0,0,0,0,0,0,1,1,0,1,0,0,0,0
4FQY,1.2724425155376609,4,1,0,0,0,1,0,0,0,1,0,0,0,0,1,0,0
4FQY,2.313949551809355,4,0,0,0,0,1,0,0,0,0,0,0,1,0,1,1,0
4FQY,1.6279454617016185,4,1,0,0,0,0,0,0,0,0,1,0,1,0,0,1,0
4FQY,1.10500939604855,4,0,0,1,0,0,0,1,0,1,0,0,0,0,1,0,0
4FQY,1.445612651726675,4,1,0,0,0,0,0,0,0,1,0,0,1,0,1,0,0
4FQY,1.709133102016795,4,0,0,0,0,0,1,1,0,1,0,0,0,0,0,0,1
4FQY,1.7492487641828056,4,0,0,0,0,0,1,1,0,1,0,0,0,1,0,0,0
4FQY,-0.1691377551459504,4,1,0,0,0,0,0,0,0,1,1,0,0,0,0,0,1
4FQY,2.1750624738081354,4,0,0,1,0,0,0,0,0,0,0,0,1,0,1,0,1
4FQY,1.5348769174642924,4,1,0,0,0,1,0,0,0,0,0,0,0,0,0,1,1
4FQY,2.2151954249407777,4,0,0,0,0,0,1,0,0,0,1,0,0,1,1,0,0
4FQY,1.364171023451953,4,1,0,1,0,1,0,0,0,0,0,0,0,0,0,1,0
4FQY,1.2171430700872543,4,1,0,0,0,1,0,0,0,0,0,0,0,1,0,1,0
4FQY,1.4601265799625232,4,0,0,0,0,0,0,1,0,1,1,0,0,0,1,0,0
4FQY,0.3650580175488823,4,1,0,0,0,1,0,0,1,0,0,0,0,0,1,0,0
4FQY,1.570956272729216,4,1,0,0,0,0,0,0,0,1,0,0,1,1,0,0,0
4FQY,1.5919172600602824,4,1,0,0,0,0,0,0,1,0,1,0,0,0,0,1,0
4FQY,1.1694518555669655,4,1,0,0,0,0,0,0,1,1,0,0,1,0,0,0,0
4FQY,2.2438542275988964,4,0,0,0,0,0,0,0,0,0,1,0,1,0,0,1,1
4FQY,0.8842375139689482,4,1,0,0,0,0,1,0,1,1,0,0,0,0,0,0,0
4FQY,1.714463697713423,4,1,0,0,0,1,0,0,1,0,0,0,1,0,0,0,0
4FQY,0.863308113867491,4,0,0,1,0,0,0,1,1,0,1,0,0,0,0,0,0
4FQY,2.2082900649169668,4,1,0,0,1,0,0,0,0,0,1,0,0,1,0,0,0
4FQY,2.510783849106116,4,0,0,0,0,0,0,0,1,0,0,0,1,0,1,0,1
4FQY,2.311844252162293,4,0,0,1,0,0,0,0,0,0,0,0,1,1,0,0,1
4FQY,1.9671527643192184,4,1,0,0,0,0,1,0,0,0,1,0,0,0,0,1,0
4FQY,1.9009170825996375,4,0,0,0,0,0,1,0,1,1,0,0,0,0,1,0,0
4FQY,1.6595849735218773,4,1,0,1,0,0,1,0,0,0,0,0,1,0,0,0,0
4FQY,1.9202208535318488,4,0,0,0,0,0,1,0,0,1,1,0,0,1,0,0,0
4FQY,0.0764295397235218,4,0,0,1,0,0,0,0,1,0,0,0,0,1,1,0,0
4FQY,2.139662895609044,4,0,0,0,0,0,1,1,0,0,0,0,0,0,1,1,0
4FQY,1.8573310879547515,4,1,0,0,0,0,1,0,1,0,0,0,0,0,0,1,0
4FQY,2.079868035544169,4,0,0,0,0,0,0,0,0,1,0,0,1,1,0,1,0
4FQY,-0.2235327589069987,4,1,0,1,0,0,0,0,0,1,1,0,0,0,0,0,0
4FQY,2.343633020917652,4,0,0,0,0,0,0,0,0,0,1,0,1,0,1,1,0
4FQY,0.5005660612095064,4,1,0,1,0,0,0,1,0,1,0,0,0,0,0,0,0
4FQY,0.8296809779895484,4,0,0,0,0,0,0,0,1,1,1,0,0,0,0,0,1
4FQY,2.616876601201046,4,1,0,0,1,0,0,0,1,0,0,0,0,0,0,0,1
4FQY,1.098677774568768,4,1,0,0,0,1,0,0,0,1,0,0,0,1,0,0,0
4FQY,1.884407990332475,4,0,0,0,0,0,0,0,0,1,1,0,0,0,0,1,1
4FQY,1.053145847839327,4,1,0,0,0,0,0,0,1,1,0,0,0,0,0,1,0
4FQY,1.872320319591848,4,0,0,0,0,0,1,0,1,1,0,0,0,0,0,0,1
4FQY,2.734736944285565,4,0,0,1,0,0,0,0,0,0,0,0,1,1,1,0,0
4FQY,2.6485035447405267,4,0,0,0,0,0,0,0,0,0,1,0,1,1,0,0,1
4FQY,1.0323227964431818,4,1,0,0,0,0,0,0,0,0,1,0,1,1,0,0,0
4FQY,0.5135781445982676,4,0,0,1,0,0,0,0,1,1,1,0,0,0,0,0,0
4FQY,1.0015916412043768,4,0,0,1,0,0,0,0,0,1,1,0,0,0,1,0,0
4FQY,-0.1370998171435752,4,1,0,0,0,0,0,0,0,0,1,0,0,1,1,0,0
4FQY,2.179286754038514,4,1,1,0,0,0,0,0,1,0,0,0,0,0,1,0,0
4FQY,0.9767323638888508,4,1,0,0,0,1,0,0,1,1,0,0,0,0,0,0,0
4FQY,2.3270064282882914,4,0,0,1,0,0,0,0,0,0,1,0,1,1,0,0,0
4FQY,0.9022495475384624,4,1,0,0,0,1,0,0,1,0,1,0,0,0,0,0,0
4FQY,2.5477409136836746,4,0,0,1,0,0,0,1,0,0,0,0,1,1,0,0,0
4FQY,2.467086678360754,4,1,0,0,0,0,1,0,0,1,0,0,1,0,0,0,0
4FQY,0.6927925876645541,4,1,0,0,0,0,1,0,1,0,1,0,0,0,0,0,0
4FQY,1.335169282926681,4,0,0,1,0,1,0,0,0,0,0,0,0,1,0,0,1
4FQY,-0.0195969872872429,4,1,0,1,0,1,0,0,0,0,0,0,0,0,0,0,1
4FQY,0.7569221822781688,4,0,0,1,0,0,0,1,0,0,1,0,0,0,1,0,0
4FQY,2.2135385416067543,4,0,0,1,0,1,0,1,0,0,1,0,0,0,0,0,0
4FQY,1.2621460206069086,4,0,0,1,0,0,0,1,0,1,0,0,0,0,0,0,1
4FQY,1.739676903673841,4,1,0,0,0,1,0,0,0,0,0,0,1,0,0,1,0
4FQY,1.0708624775616682,4,0,0,0,0,0,0,0,0,0,1,0,0,1,1,0,1
4FQY,0.9458409109860516,4,1,0,1,0,0,0,0,0,1,0,0,0,0,0,1,0
4FQY,1.5886235920705318,4,1,0,0,0,1,0,1,0,1,0,0,0,0,0,0,0
4FQY,1.1703645820291173,4,0,0,0,0,0,0,0,1,1,1,0,0,0,1,0,0
4FQY,1.0373932247240525,4,0,0,0,0,0,0,1,1,0,1,0,0,1,0,0,0
4FQY,1.1287758274780404,4,0,0,1,0,0,0,1,0,0,0,0,0,0,1,0,1
4FQY,1.8907547436396988,4,0,0,0,0,0,0,1,0,1,0,0,0,0,1,1,0
4FQY,1.460767646246494,4,1,0,0,0,1,1,0,0,0,0,0,0,0,1,0,0
4FQY,0.9245201717585824,4,0,0,0,0,0,0,0,1,0,1,0,0,1,0,0,1
4FQY,0.2692272663575851,4,1,0,0,0,0,0,0,1,1,0,0,0,0,0,0,1
4FQY,2.045360490034111,4,0,0,0,0,0,0,0,0,1,1,0,0,0,1,1,0
4FQY,2.945193603643899,4,0,0,0,0,0,0,0,0,0,1,0,1,0,1,0,1
4FQY,1.422426758770167,4,0,0,0,0,0,0,0,0,1,0,0,0,1,1,1,0
4FQY,1.80719000788141,4,0,0,0,0,0,0,0,1,1,1,0,0,0,0,1,0
4FQY,2.4785986008183376,4,0,0,0,0,0,0,0,1,0,1,0,1,0,0,0,1
4FQY,2.282421283873502,4,0,0,0,0,0,0,1,0,0,1,0,1,0,0,1,0
4FQY,2.169474271603409,4,1,0,0,1,0,0,0,0,0,0,0,0,1,0,0,1
4FQY,1.4079759240676115,4,0,0,1,0,0,0,0,1,1,0,0,0,0,0,1,0
4FQY,0.8239391963520224,4,0,0,1,0,0,0,0,0,0,1,0,0,0,1,0,1
4FQY,0.5823447597884571,4,0,0,1,0,0,0,0,1,0,1,0,0,1,0,0,0
4FQY,1.6227990205351588,4,1,1,0,0,0,0,0,0,0,0,0,0,1,0,0,1
4FQY,1.1001265757274117,4,1,0,0,0,1,0,1,1,0,0,0,0,0,0,0,0
4FQY,0.4507875325602479,4,1,0,0,0,1,0,0,0,0,0,0,0,1,1,0,0
4FQY,1.0469317406589325,4,0,0,0,0,0,0,0,0,1,0,0,0,1,1,0,1
4FQY,1.0005317640832474,4,1,0,0,0,0,1,0,0,1,0,0,0,0,0,0,1
4FQY,1.3773016401702245,4,1,0,1,0,1,1,0,0,0,0,0,0,0,0,0,0
4FQY,-0.201834239918257,4,1,0,0,0,0,0,1,0,0,1,0,0,0,1,0,0
4FQY,1.80824919858216,4,0,0,0,0,0,1,0,0,1,0,0,0,1,1,0,0
4FQY,0.7170215793247955,4,0,0,0,0,0,0,0,1,1,0,0,0,1,1,0,0
4FQY,1.8782203980324368,4,0,0,0,0,1,1,0,0,0,0,0,0,0,1,0,1
4FQY,0.5586359207765971,4,1,0,0,0,0,1,0,0,0,1,0,0,1,0,0,0
4FQY,1.2910927780901862,4,1,0,0,0,0,0,0,0,1,0,0,0,0,1,1,0
4FQY,1.597786738304109,4,1,0,0,0,0,0,0,0,1,0,0,1,0,0,1,0
4FQY,1.4519358110702467,4,0,0,0,0,1,0,1,1,0,0,0,0,0,1,0,0
4FQY,0.9387758134760766,4,0,0,0,0,0,0,0,1,1,1,0,0,1,0,0,0
4FQY,0.9030299488371402,4,0,0,1,0,0,0,0,0,1,0,0,0,1,0,0,1
4FQY,0.6374556607256494,4,0,0,1,0,0,0,0,0,0,1,0,0,1,1,0,0
4FQY,2.6391918414837434,4,0,0,1,0,0,1,0,0,0,0,0,1,0,0,1,0
4FQY,2.162850322007478,4,0,0,0,0,1,0,0,0,0,1,0,0,1,0,0,1
4FQY,1.697236530216861,4,0,0,0,0,0,1,0,1,0,0,0,0,1,1,0,0
4FQY,2.1984893810948534,4,0,0,0,0,0,1,0,1,1,0,0,0,0,0,1,0
4FQY,0.1390619092862487,4,1,0,0,0,0,0,0,0,1,1,0,0,1,0,0,0
4FQY,0.7802898681592801,4,1,0,0,0,1,0,0,0,0,1,0,0,0,0,0,1
4FQY,2.716836213522684,4,0,0,1,0,0,0,1,1,0,0,0,1,0,0,0,0
4FQY,2.081595129208299,4,0,0,0,0,0,0,1,0,0,0,0,1,0,1,1,0
4FQY,0.6471899301963909,4,1,0,0,0,0,0,1,0,1,1,0,0,0,0,0,0
4FQY,1.7467814919238815,4,0,0,0,0,0,1,0,0,1,1,0,0,0,0,0,1
4FQY,1.4162828869227195,4,0,0,0,0,0,1,1,1,1,0,0,0,0,0,0,0
4FQY,1.7054068305465553,4,0,0,0,0,0,1,0,1,1,0,0,0,1,0,0,0
4FQY,1.839805445192176,4,0,0,0,0,1,1,0,1,0,0,0,0,0,1,0,0
4FQY,2.243191393352127,4,0,0,0,0,0,1,1,0,0,1,0,0,0,1,0,0
4FQY,0.5302875405182873,4,1,0,0,0,0,1,0,0,0,1,0,0,0,1,0,0
4FQY,2.9072206675039154,4,0,0,1,0,1,1,0,0,0,0,0,0,0,0,1,0
4FQY,1.560912193250572,4,0,0,1,0,0,1,0,1,1,0,0,0,0,0,0,0
4FQY,2.1518394305009902,4,0,0,1,0,1,1,0,0,0,0,0,0,0,0,0,1
4FQY,1.8106431433027816,4,0,0,0,0,1,1,1,0,0,0,0,0,1,0,0,0
4FQY,1.824480159474409,4,0,0,1,0,0,1,0,0,1,1,0,0,0,0,0,0
4FQY,1.9658823532933547,4,0,0,0,0,1,0,0,1,1,0,0,0,0,0,1,0
4FQY,1.6625776766374805,4,1,0,0,0,1,0,0,0,0,0,0,1,1,0,0,0
4FQY,2.3674173564337577,4,0,0,0,0,1,0,1,0,0,0,0,0,0,1,1,0
4FQY,1.9786629014915145,4,0,0,1,0,0,0,0,1,0,0,0,1,0,1,0,0
4FQY,1.7095449830524574,4,0,0,1,0,0,0,0,0,0,0,0,1,0,0,1,1
4FQY,1.3349678775113818,4,0,0,0,0,1,0,0,1,0,0,0,0,1,1,0,0
4FQY,1.907431628929265,4,0,0,0,0,0,1,0,1,0,1,0,0,0,1,0,0
4FQY,0.141455176726833,4,1,0,1,0,1,0,0,1,0,0,0,0,0,0,0,0
4FQY,1.196908695439321,4,1,0,1,0,0,0,0,0,0,1,0,0,0,0,1,0
4FQY,0.7702016285916297,4,0,0,1,0,0,0,0,1,1,0,0,0,1,0,0,0
4FQY,1.2296408525021778,4,1,0,0,0,0,1,0,0,1,0,0,0,1,0,0,0
4FQY,1.6385384679308863,4,0,0,1,0,1,0,1,0,0,0,0,0,1,0,0,0
4FQY,2.026571656650607,4,1,1,1,0,0,0,0,0,0,0,0,0,1,0,0,0
4FQY,1.6532169699934354,4,0,0,0,0,1,0,0,1,1,0,0,0,0,1,0,0
4FQY,0.9459683076226238,4,1,0,0,0,1,0,0,0,1,0,0,0,0,0,0,1
4FQY,0.2560227292368755,4,1,0,1,0,0,0,0,1,1,0,0,0,0,0,0,0
4FQY,0.5207093595697211,4,1,0,0,0,0,1,0,0,1,1,0,0,0,0,0,0
4FQY,0.6815421493153137,4,1,0,0,0,0,0,1,0,1,0,0,0,0,1,0,0
4FQY,2.005390547646527,4,0,0,0,0,1,0,1,0,0,1,0,0,0,1,0,0
4FQY,1.2116285719574644,4,1,0,0,0,1,0,1,0,0,1,0,0,0,0,0,0
4FQY,0.8371622731978268,4,1,0,1,0,0,1,0,0,0,0,0,0,0,0,0,1
4FQY,1.410369258720644,4,0,0,1,0,1,0,0,0,1,0,0,0,0,1,0,0
4FQY,0.5949323569768147,4,0,0,1,0,0,0,0,1,1,0,0,0,0,1,0,0
4FQY,2.081613892666062,4,0,0,0,0,0,1,0,0,0,0,0,0,1,1,1,0
4FQY,1.075959656026759,4,0,0,0,0,0,0,1,0,0,1,0,0,1,1,0,0
4FQY,0.8694479903012966,4,1,0,1,0,0,0,0,0,0,1,0,1,0,0,0,0
4FQY,2.0937689775133115,4,0,0,0,0,0,1,0,0,0,1,0,0,0,1,0,1
4FQY,1.5213037745569793,4,1,0,1,0,1,0,0,0,0,0,0,1,0,0,0,0
4FQY,2.0363957946458,4,0,0,0,0,1,0,1,1,1,0,0,0,0,0,0,0
4FQY,1.293980148505003,4,1,0,0,0,1,0,0,0,0,0,0,0,0,1,1,0
4FQY,1.7003373246604931,4,0,0,0,0,0,0,0,1,0,0,0,1,0,0,1,1
4FQY,2.5645746092125203,4,1,0,0,0,1,0,0,0,1,0,0,1,0,0,0,0
4FQY,0.9734385103146956,4,0,0,1,0,0,0,1,0,1,1,0,0,0,0,0,0
4FQY,2.7574776603295024,4,0,0,0,0,0,0,0,0,1,1,0,1,0,0,0,1
4FQY,2.7090955941160297,4,0,1,0,0,0,0,0,1,0,0,0,0,1,0,0,1
4FQY,2.24524890408991,4,0,0,0,0,0,0,0,1,0,0,0,1,1,1,0,0
4FQY,1.499789643925539,4,0,0,1,0,1,1,0,0,0,0,0,0,0,1,0,0
4FQY,2.226348521754879,4,0,0,1,0,0,0,0,1,0,1,0,1,0,0,0,0
4FQY,2.4491869454668422,4,0,0,0,0,0,0,0,1,0,1,0,1,1,0,0,0
4FQY,1.0321207842392928,4,0,0,1,0,0,0,1,0,0,1,0,0,0,0,0,1
4FQY,1.995791293753984,4,0,0,0,0,1,0,1,0,1,0,0,0,1,0,0,0
4FQY,1.636824885248107,4,1,0,0,0,0,1,0,0,0,1,0,1,0,0,0,0
4FQY,1.6561235243468433,4,1,1,1,0,0,0,0,0,0,0,0,0,0,0,0,1
4FQY,2.095453483659662,4,0,0,1,0,0,0,0,1,0,0,0,1,1,0,0,0
4FQY,1.4920269836675897,4,1,0,0,0,1,1,0,0,0,0,0,0,1,0,0,0
4FQY,1.9692936550582845,4,1,0,0,0,0,1,0,0,1,0,0,0,0,0,1,0
4FQY,0.8405979746705032,4,0,0,1,0,1,0,0,1,0,0,0,0,0,1,0,0
4FQY,1.8380233870370075,4,1,0,0,0,0,1,0,0,0,0,0,0,1,0,1,0
4FQY,2.2713049094935527,4,1,0,0,0,0,1,0,0,0,0,0,1,0,0,1,0
4FQY,2.013310073742624,4,0,0,0,0,1,0,0,0,0,1,0,0,0,1,0,1
4FQY,1.9410345174447268,4,0,0,0,0,0,0,1,1,0,0,0,1,0,0,1,0
4FQY,2.140723066748887,4,0,0,0,0,1,0,1,0,0,1,0,0,1,0,0,0
4FQY,0.7599327753248096,4,1,0,1,0,1,0,0,0,0,1,0,0,0,0,0,0
4FQY,-0.2077429601992489,4,1,0,1,0,0,0,0,0,1,0,0,0,0,0,0,1
4FQY,0.2591746312980204,4,1,0,0,0,0,0,0,0,1,1,0,0,0,1,0,0
4FQY,1.9319058477932085,4,0,0,1,0,1,1,0,1,0,0,0,0,0,0,0,0
4FQY,1.8063784776229383,4,1,0,0,0,1,0,0,0,1,0,0,0,0,0,1,0
4FQY,1.900709539666117,4,1,0,0,0,0,1,0,0,0,0,0,1,0,1,0,0
4FQY,2.462504793811067,4,0,0,0,0,0,1,0,0,0,1,0,0,0,1,1,0
4FQY,2.8323192673189985,4,0,0,0,0,1,1,0,0,0,1,0,0,1,0,0,0
4FQY,0.5475541752313346,4,0,0,1,0,0,0,0,1,1,0,0,0,0,0,0,1
4FQY,1.856726540456186,4,1,0,0,0,1,1,0,0,1,0,0,0,0,0,0,0
4FQY,2.413703546753679,4,0,0,0,0,1,1,0,1,0,0,0,0,0,0,0,1
4FQY,2.350563578822874,4,0,0,0,0,0,0,1,1,0,1,0,1,0,0,0,0
4FQY,1.796787014562602,4,0,0,0,0,1,0,0,0,0,1,0,0,1,1,0,0
4FQY,1.770835509041774,4,0,0,1,0,1,0,0,0,1,0,0,0,0,0,1,0
4FQY,1.8117300752200145,4,0,0,0,0,1,1,1,1,0,0,0,0,0,0,0,0
4FQY,2.5558799816656577,4,1,0,0,0,1,1,0,0,0,0,0,1,0,0,0,0
4FQY,1.8815145724053608,4,0,0,1,0,1,0,0,0,0,0,0,1,0,0,1,0
4FQY,2.8667387786219765,4,0,0,0,0,0,0,0,1,0,1,0,1,0,1,0,0
4FQY,1.6553670138758796,4,0,0,1,0,1,0,0,1,1,0,0,0,0,0,0,0
4FQY,1.317879957178112,4,0,0,0,0,0,0,1,0,0,1,0,0,0,1,0,1
4FQY,2.704011037357702,4,1,0,1,1,0,0,0,0,0,1,0,0,0,0,0,0
4FQY,0.9300294626182224,4,0,0,0,0,0,0,0,1,0,1,0,0,1,1,0,0
4FQY,1.7821794385544387,4,0,0,1,0,0,1,0,0,1,0,0,0,0,0,0,1
4FQY,1.993869518900652,4,0,0,0,0,1,1,0,0,0,0,0,0,1,0,0,1
4FQY,2.287797144083097,4,0,0,0,0,0,1,0,0,0,1,0,0,0,0,1,1
4FQY,2.6839299264635432,4,0,0,0,0,0,0,1,0,1,0,0,1,0,0,1,0
4FQY,2.9614646860559413,4,1,1,0,0,0,0,0,1,1,0,0,0,0,0,0,0
4FQY,2.270716741121521,4,0,0,1,0,0,0,0,0,0,1,0,1,0,0,0,1
4FQY,2.822767329695499,4,1,1,1,0,0,0,0,1,0,0,0,0,0,0,0,0
4FQY,1.1543465505880353,4,0,0,0,0,0,0,1,1,1,1,0,0,0,0,0,0
4FQY,0.7834202166959651,4,1,0,0,0,1,0,1,0,0,0,0,0,0,1,0,0
4FQY,2.0470990058403795,4,0,0,0,0,0,0,0,0,1,0,0,1,0,1,1,0
4FQY,1.7488352055025147,4,0,0,0,0,0,1,1,1,0,0,0,0,1,0,0,0
4FQY,1.3760472898347742,4,0,0,0,0,0,0,1,0,1,0,0,0,0,1,0,1
4FQY,1.24407738900308,4,0,0,1,0,1,0,0,0,1,0,0,0,1,0,0,0
4FQY,1.78752443434954,4,0,0,0,0,1,1,1,0,0,0,0,0,0,1,0,0
4FQY,1.8012823578636443,4,0,0,0,0,0,0,1,1,1,0,0,0,0,1,0,0
4FQY,1.6656733513376911,4,0,0,0,0,1,0,0,0,1,1,0,0,0,1,0,0
4FQY,1.81214138365083,4,0,0,0,0,1,0,1,0,1,0,0,0,0,0,0,1
4FQY,1.8322476112008503,4,0,0,0,0,0,1,1,0,1,1,0,0,0,0,0,0
4FQY,2.720013147844192,4,0,0,1,0,1,0,0,0,0,1,0,0,0,0,1,0
4FQY,2.238980945914117,4,0,0,1,0,0,0,0,1,0,0,0,1,0,0,0,1
4FQY,1.442768071328406,4,0,0,0,0,0,0,1,0,1,1,0,0,1,0,0,0
4FQY,2.149754212305061,4,0,0,0,0,1,0,1,0,1,0,0,0,0,0,1,0
4FQY,2.522023419688526,4,0,0,1,0,0,0,0,0,1,1,0,1,0,0,0,0
4FQY,2.5846131882124626,4,0,0,0,0,0,0,1,0,1,1,0,1,0,0,0,0
4FQY,2.748881562863742,4,1,0,0,1,0,0,0,0,0,0,0,0,1,1,0,0
4FQY,0.9187280735523136,4,1,0,1,0,1,0,0,0,1,0,0,0,0,0,0,0
4FQY,2.163068701025677,4,0,0,0,0,0,0,0,1,0,1,0,1,0,0,1,0
4FQY,1.4953766212061472,4,0,0,0,0,1,0,0,1,1,0,0,0,1,0,0,0
4FQY,1.5417648902900642,4,0,0,0,0,1,0,0,0,0,0,0,0,1,1,0,1
4FQY,2.640844232843639,4,1,1,1,0,0,0,0,0,0,1,0,0,0,0,0,0
4FQY,2.033895883678492,4,0,0,0,0,1,0,0,0,1,1,0,0,0,0,0,1
4FQY,2.943285599419905,4,0,0,0,0,1,0,0,0,0,1,0,0,1,0,1,0
4FQY,1.836755051392755,4,0,0,0,0,1,0,1,0,1,0,0,0,0,1,0,0
4FQY,1.745255212690548,4,0,0,0,0,0,1,0,1,0,1,0,0,0,0,0,1
4FQY,2.808204065021611,4,0,0,1,0,0,1,0,0,0,1,0,1,0,0,0,0
4FQY,1.85842716865626,4,0,0,0,0,0,0,0,1,1,0,0,1,0,0,1,0
4FQY,1.1865414359412685,4,0,0,1,0,1,0,0,1,0,0,0,0,0,0,0,1
4FQY,1.730448045310412,4,0,0,1,0,1,0,0,1,0,1,0,0,0,0,0,0
4FQY,1.752641101177158,4,0,0,1,0,1,0,0,0,0,1,0,0,1,0,0,0
4FQY,2.40739853018008,4,1,0,1,1,0,0,0,1,0,0,0,0,0,0,0,0
4FQY,1.0910803144476515,4,0,0,0,0,0,0,1,0,1,1,0,0,0,0,0,1
4FQY,1.5138922210426315,4,0,0,0,0,1,0,0,1,1,0,0,0,0,0,0,1
4FQY,2.9527492892709666,4,1,1,0,0,0,0,0,0,0,1,0,0,0,0,0,1
4FQY,3.0910834032673367,4,1,1,0,0,0,0,1,0,0,1,0,0,0,0,0,0
4FQY,1.900499172825171,4,0,0,1,0,1,0,0,0,0,1,0,0,0,0,0,1
4FQY,2.154376330796453,4,0,0,0,0,0,1,0,0,1,0,0,0,0,1,1,0
4FQY,1.67732387064074,4,0,0,1,0,1,1,0,0,0,0,0,0,1,0,0,0
4FQY,1.4093289504170827,4,0,0,1,0,0,1,0,0,0,1,0,0,0,0,0,1
4FQY,2.4468565205748734,4,0,0,0,0,1,0,0,1,0,1,0,0,0,0,0,1
4FQY,1.709031761579326,4,1,1,0,0,0,0,0,0,0,0,0,0,0,1,0,1
4FQY,2.0991027966047944,4,0,0,0,0,1,0,1,0,0,1,0,0,0,0,0,1
4FQY,2.3858147022220035,4,1,0,0,1,0,0,0,0,1,1,0,0,0,0,0,0
4FQY,1.770703674258484,4,0,0,0,0,1,0,0,1,0,1,0,0,1,0,0,0
4FQY,2.854567291211321,4,1,0,1,1,0,0,0,0,0,0,0,0,0,1,0,0
4FQY,1.3990688700071043,4,0,0,1,0,1,0,0,0,1,0,0,0,0,0,0,1
4FQY,1.2011332096359462,4,0,0,1,0,1,0,0,1,0,0,0,0,1,0,0,0
4FQY,1.6019085700983604,4,0,0,0,0,1,0,0,0,1,0,0,0,1,1,0,0
4FQY,2.578523904663979,4,0,0,1,0,0,0,0,0,0,1,0,1,0,1,0,0
4FQY,3.427728358483665,4,0,0,1,0,0,1,0,0,0,0,0,1,1,0,0,0
4FQY,2.0348959916879967,4,0,0,0,0,1,1,1,0,1,0,0,0,0,0,0,0
4FQY,1.879387706523144,4,1,1,1,0,0,0,0,0,1,0,0,0,0,0,0,0
4FQY,1.9724205317254144,4,0,0,1,0,1,1,0,0,1,0,0,0,0,0,0,0
4FQY,1.705817653533278,4,0,0,0,0,0,1,1,0,0,1,0,0,1,0,0,0
4FQY,2.3708188634764324,4,0,0,0,0,1,0,1,1,0,1,0,0,0,0,0,0
4FQY,3.235525995264368,4,0,0,0,0,0,0,0,1,1,0,0,1,0,0,0,1
4FQY,2.951233314661017,4,0,0,1,0,0,0,1,0,0,0,0,1,0,0,0,1
4FQY,0.7689388132852113,4,1,0,0,0,1,0,0,0,0,1,0,0,1,0,0,0
4FQY,2.766366440790098,4,0,0,0,0,0,1,0,0,0,0,0,1,1,0,1,0
4FQY,2.4629791581351848,4,0,0,0,0,1,1,0,0,0,0,0,0,1,0,1,0
4FQY,2.7310059718368227,4,1,0,0,0,1,0,0,0,0,1,0,0,0,0,1,0
4FQY,2.5956547985210325,4,0,0,1,0,0,0,0,1,1,0,0,1,0,0,0,0
4FQY,2.378505204228384,4,0,0,0,0,0,1,1,0,0,0,0,1,0,0,1,0
4FQY,0.6934747985858379,4,1,0,0,0,1,0,0,0,0,1,0,0,0,1,0,0
4FQY,2.596561796151293,4,0,0,1,0,1,1,0,0,0,1,0,0,0,0,0,0
4FQY,3.3389126739502863,4,0,0,0,0,0,0,1,0,0,0,0,1,1,0,0,1
4FQY,2.8460009792084877,4,0,0,0,0,0,0,1,0,0,1,0,1,0,1,0,0
4FQY,2.1548448503915703,4,0,0,0,0,0,0,0,0,1,1,0,1,0,0,1,0
4FQY,2.567357235653408,4,0,0,0,0,1,1,1,0,0,1,0,0,0,0,0,0
4FQY,3.008453823914178,4,1,0,0,1,0,0,0,0,0,0,0,0,0,1,0,1
4FQY,2.3306466601861278,4,0,0,0,0,1,0,1,0,1,1,0,0,0,0,0,0
4FQY,2.8535267343151216,4,0,0,0,0,1,1,1,0,0,0,0,0,0,0,1,0
4FQY,2.51150660239246,4,0,0,0,0,1,0,0,0,1,1,0,0,1,0,0,0
4FQY,1.7308664936381497,4,0,0,0,0,1,0,0,1,1,1,0,0,0,0,0,0
4FQY,3.234034256019068,4,0,0,1,0,0,0,1,0,1,0,0,1,0,0,0,0
4FQY,2.792939718067377,4,0,0,1,0,0,0,0,0,1,0,0,1,1,0,0,0
4FQY,3.208889527217317,4,0,1,1,0,0,0,0,0,0,0,0,0,0,1,0,1
4FQY,1.7740226378060426,4,1,1,0,0,0,0,0,1,0,0,0,0,1,0,0,0
4FQY,2.5722725559732385,4,0,0,0,0,1,0,0,1,0,0,0,1,0,0,1,0
4FQY,2.7159368192059774,4,0,0,0,0,1,1,0,0,0,0,0,0,0,1,1,0
4FQY,2.9082429304804305,4,1,0,0,1,0,0,0,0,1,0,0,0,0,0,0,1
4FQY,2.1324628835863217,4,0,0,0,0,0,0,0,0,1,0,0,1,0,0,1,1
4FQY,2.6899366061308,4,1,1,0,0,0,0,0,0,1,0,0,0,1,0,0,0
4FQY,1.9798006618522008,4,0,0,1,0,1,0,0,0,1,1,0,0,0,0,0,0
4FQY,2.167276838161817,4,0,0,0,0,1,0,0,1,0,1,0,0,0,1,0,0
4FQY,1.859748703244296,4,0,0,0,0,0,1,0,0,1,1,0,0,0,1,0,0
4FQY,2.844155794026836,4,0,0,0,0,0,0,1,1,0,0,0,1,0,0,0,1
4FQY,3.454822501598123,4,0,0,0,0,0,1,0,0,1,0,0,1,0,0,1,0
4FQY,2.1123064392175603,4,0,0,1,0,0,0,0,0,1,0,0,1,0,0,0,1
4FQY,2.6969572456059754,4,0,0,0,0,0,0,0,0,0,0,0,1,1,1,0,1
4FQY,3.5084685083174314,4,1,0,0,1,0,0,0,0,0,0,0,1,0,0,0,1
4FQY,1.4817674642942915,4,1,0,0,0,0,0,0,0,1,1,0,0,0,0,1,0
4FQY,2.288337902596353,4,0,0,0,0,1,1,0,0,0,0,0,0,1,1,0,0
4FQY,2.725596492106247,4,1,0,0,1,0,0,0,0,0,1,0,0,0,0,0,1
4FQY,2.496901830263158,4,1,0,0,1,0,0,1,0,0,1,0,0,0,0,0,0
4FQY,1.972127587843108,4,0,0,0,0,1,1,0,0,1,0,0,0,1,0,0,0
4FQY,3.126374462817928,4,1,1,1,0,0,0,1,0,0,0,0,0,0,0,0,0
4FQY,2.824424858279273,4,0,0,0,0,0,1,0,0,0,1,0,1,0,0,1,0
4FQY,2.722913340473476,4,0,0,0,0,1,1,0,0,1,0,0,0,0,0,0,1
4FQY,2.920430912725884,4,0,0,0,0,1,1,0,0,0,0,0,0,0,0,1,1
4FQY,2.456109429873159,4,1,1,0,0,0,0,0,0,1,1,0,0,0,0,0,0
4FQY,3.0659884473174586,4,0,0,0,0,1,0,0,1,0,1,0,0,0,0,1,0
4FQY,3.371415124270289,4,1,1,0,0,0,0,1,0,0,0,0,0,1,0,0,0
4FQY,2.1792154465037297,4,0,0,0,0,1,1,0,0,1,0,0,0,0,1,0,0
4FQY,3.154382548295536,4,1,0,0,1,0,0,0,0,0,0,0,1,1,0,0,0
4FQY,2.8413933406422536,4,0,0,0,0,1,1,0,0,0,1,0,0,0,1,0,0
4FQY,2.2164119392570085,4,1,0,0,0,1,0,0,0,0,1,0,1,0,0,0,0
4FQY,2.906868920134143,4,1,0,0,1,0,0,0,0,1,0,0,0,1,0,0,0
4FQY,3.350735226434797,4,1,0,1,1,0,0,0,0,0,0,0,1,0,0,0,0
4FQY,2.866825650582413,4,0,0,0,0,0,1,0,0,1,1,0,0,0,0,1,0
4FQY,2.8157906229007037,4,1,0,0,1,0,0,0,0,0,1,0,0,0,1,0,0
4FQY,1.9970732589441365,4,0,0,0,0,1,1,0,1,1,0,0,0,0,0,0,0
4FQY,2.0284397523279534,4,0,0,0,0,1,1,0,1,0,0,0,0,1,0,0,0
4FQY,2.99890009656527,4,1,1,0,0,0,0,0,1,0,1,0,0,0,0,0,0
4FQY,3.154938508418397,4,0,1,1,0,0,0,0,0,1,0,0,0,0,0,0,1
4FQY,3.166402547101676,4,0,0,0,0,0,0,0,0,1,0,0,1,0,1,0,1
4FQY,3.1218736578155477,4,0,0,0,0,0,0,0,0,1,0,0,1,1,0,0,1
4FQY,2.9427424975539216,4,0,0,0,0,0,0,0,1,1,0,0,1,1,0,0,0
4FQY,2.946102703209241,4,0,0,0,0,0,0,1,1,0,0,0,1,1,0,0,0
4FQY,1.3243591194297812,4,1,0,0,0,1,1,0,0,0,1,0,0,0,0,0,0
4FQY,3.203949782900615,4,0,0,0,0,0,0,0,1,1,0,0,1,0,1,0,0
4FQY,3.358802107883563,4,0,0,1,0,0,1,1,0,0,0,0,1,0,0,0,0
4FQY,2.6217052127913743,4,0,0,1,0,0,0,0,0,1,0,0,1,0,1,0,0
4FQY,3.050760374017169,4,0,0,1,1,0,0,0,0,0,1,0,0,0,0,0,1
4FQY,3.0222916784380724,4,0,0,0,0,1,1,0,1,0,1,0,0,0,0,0,0
4FQY,2.350029095353012,4,0,0,0,0,1,0,0,0,0,0,0,1,0,0,1,1
4FQY,3.478658081175112,4,0,0,0,1,0,1,0,0,0,1,0,0,1,0,0,0
4FQY,3.3476046734236524,4,1,0,0,1,0,0,0,1,1,0,0,0,0,0,0,0
4FQY,3.4893188518005043,4,0,0,0,0,0,1,0,0,0,0,0,1,1,0,0,1
4FQY,2.9859106260035286,4,0,0,0,0,1,0,0,0,0,1,0,0,0,1,1,0
4FQY,2.8526197930875776,4,1,1,0,0,0,0,1,1,0,0,0,0,0,0,0,0
4FQY,2.3346133181929765,4,0,0,0,0,0,0,0,0,1,1,0,1,1,0,0,0
4FQY,2.78131875705216,4,0,0,0,0,1,0,0,0,0,1,0,0,0,0,1,1
4FQY,3.0144758943400465,4,0,0,0,0,1,0,1,0,0,1,0,0,0,0,1,0
4FQY,3.3853457676297416,4,0,0,1,0,0,0,1,0,0,0,0,1,0,1,0,0
4FQY,2.865815347312879,4,0,0,0,0,0,1,0,0,0,0,0,1,0,1,1,0
4FQY,3.017042476902109,4,0,0,0,1,0,0,0,0,0,1,0,0,1,0,0,1
4FQY,2.812958582959224,4,1,1,0,0,0,0,0,0,1,0,0,0,0,0,0,1
4FQY,2.8165013648845307,4,1,1,1,0,1,0,0,0,0,0,0,0,0,0,0,0
4FQY,2.5093739687715364,4,0,0,0,0,1,1,0,1,0,0,0,0,0,0,1,0
4FQY,3.216997903943878,4,1,0,0,1,0,0,0,1,0,0,0,0,0,1,0,0
4FQY,3.315584773772521,4,0,0,0,0,0,0,1,1,1,0,0,1,0,0,0,0
4FQY,2.666622726427805,4,0,0,0,0,0,1,0,0,0,1,0,1,1,0,0,0
4FQY,3.251093387999435,4,0,0,0,0,1,1,0,0,1,1,0,0,0,0,0,0
4FQY,2.992200823812128,4,0,1,1,0,0,0,0,1,0,0,0,0,0,1,0,0
4FQY,3.0461184308408336,4,0,0,0,0,1,0,0,0,0,0,0,1,1,0,0,1
4FQY,2.737714237046758,4,0,0,0,0,1,0,1,0,0,0,0,1,0,0,1,0
4FQY,2.910815536179093,4,0,0,1,1,0,0,0,0,0,1,0,0,1,0,0,0
4FQY,1.9051201878632031,4,1,0,0,0,1,1,0,0,0,0,0,0,0,0,1,0
4FQY,2.2994134592857405,4,0,0,0,0,0,0,0,1,1,1,0,1,0,0,0,0
4FQY,2.724163606951425,4,0,1,1,0,0,0,0,0,0,0,0,0,1,0,0,1
4FQY,3.3968175707515726,4,0,0,0,0,0,0,1,0,1,0,0,1,1,0,0,0
4FQY,3.448097463487818,4,0,0,0,0,0,0,1,0,0,0,0,1,1,1,0,0
4FQY,2.520978451124474,4,0,0,0,0,0,1,0,1,0,0,0,1,0,0,1,0
4FQY,2.923687915610244,4,0,0,0,0,1,0,0,0,1,0,0,1,0,0,1,0
4FQY,3.010161106202704,4,1,0,0,1,0,1,0,0,0,1,0,0,0,0,0,0
4FQY,3.005929499447717,4,0,0,0,0,1,0,0,0,1,1,0,0,0,0,1,0
4FQY,2.8827708974690367,4,0,0,0,0,0,1,0,0,0,0,0,1,0,0,1,1
4FQY,2.7126746217418543,4,0,0,1,0,1,0,0,0,0,0,0,1,0,0,0,1
4FQY,3.34602984936425,4,0,1,1,0,0,0,0,0,0,0,0,0,1,1,0,0
4FQY,3.276662907397793,4,1,1,0,0,0,0,1,0,1,0,0,0,0,0,0,0
4FQY,3.429644044505361,4,1,0,0,1,1,0,0,0,0,0,0,0,1,0,0,0
4FQY,3.5178616501021085,4,0,0,1,0,1,0,0,0,0,0,0,1,0,1,0,0
4FQY,3.186111755225458,4,0,0,0,0,0,1,0,0,0,1,0,1,0,0,0,1
4FQY,3.05626421181444,4,1,0,1,1,0,0,0,0,1,0,0,0,0,0,0,0
4FQY,3.308757438440636,4,1,0,0,1,0,0,0,0,1,0,0,0,0,1,0,0
4FQY,3.4345471362827147,4,0,0,1,0,0,1,0,1,0,0,0,1,0,0,0,0
4FQY,2.4992529034097752,4,1,0,0,1,0,0,0,1,0,1,0,0,0,0,0,0
4FQY,2.755660155192891,4,1,1,0,0,0,0,0,0,1,0,0,0,0,1,0,0
4FQY,3.5007690872204296,4,0,0,0,0,0,0,1,0,1,0,0,1,0,0,0,1
4FQY,3.2500458526056537,4,1,1,0,0,1,0,0,0,0,0,0,0,1,0,0,0
4FQY,3.0416623356757646,4,0,0,0,1,0,0,0,1,0,0,0,0,1,0,0,1
4FQY,3.267740730144044,4,1,1,0,0,0,0,0,0,0,1,0,0,0,1,0,0
4FQY,2.824546575184324,4,0,0,0,0,0,0,0,0,0,1,0,1,1,1,0,0
4FQY,3.3295129848513247,4,1,0,0,1,0,0,1,0,0,0,0,0,1,0,0,0
4FQY,3.411938429592244,4,0,0,0,0,0,1,1,0,0,0,0,1,1,0,0,0
4FQY,3.3799065433803697,4,1,1,0,0,1,0,0,0,0,0,0,0,0,0,0,1
4FQY,3.2122961366313723,4,0,0,0,0,1,0,0,1,0,0,0,1,0,0,0,1
4FQY,2.8341951036372057,4,1,1,0,0,0,0,1,0,0,0,0,0,0,0,0,1
4FQY,3.193508763586343,4,0,0,0,0,1,1,0,0,1,0,0,0,0,0,1,0
4FQY,3.149823149571223,4,0,0,0,0,1,1,0,0,0,1,0,0,0,0,0,1
4FQY,3.2982907821230567,4,0,1,0,0,0,0,0,0,0,0,0,0,1,1,0,1
4FQY,2.748691953376014,4,0,0,1,0,1,0,0,0,0,0,0,1,1,0,0,0
4FQY,3.1517529396497803,4,0,0,0,0,1,0,0,1,0,0,0,1,1,0,0,0
4FQY,3.0142298270337697,4,0,1,1,0,0,0,0,1,0,0,0,0,1,0,0,0
4FQY,2.662524467544611,4,1,0,1,1,0,0,1,0,0,0,0,0,0,0,0,0
4FQY,3.1522782655519506,4,1,0,0,1,0,0,1,1,0,0,0,0,0,0,0,0
4FQY,3.019983228129143,4,0,0,0,0,0,0,0,0,1,1,0,1,0,1,0,0
4FQY,3.335457204618077,4,0,0,1,1,0,0,0,1,0,0,0,0,1,0,0,0
4FQY,3.253251696734228,4,1,0,0,1,0,0,1,0,0,0,0,0,0,0,0,1
4FQY,3.090158393286753,4,0,0,0,0,0,0,0,0,1,0,0,1,1,1,0,0
4FQY,3.5390300067358047,4,1,0,0,1,0,0,0,1,0,0,0,1,0,0,0,0
4FQY,3.374871954956192,4,1,0,1,1,1,0,0,0,0,0,0,0,0,0,0,0
4FQY,3.3175301935729826,4,0,0,0,0,0,1,1,0,0,1,0,1,0,0,0,0
4FQY,3.045803917907813,4,0,0,1,0,1,0,0,1,0,0,0,1,0,0,0,0
4FQY,3.1316201020828243,4,1,0,0,1,0,0,0,0,0,1,0,1,0,0,0,0
4FQY,3.492420112876397,4,1,1,0,0,1,0,0,0,0,0,0,0,0,1,0,0
4FQY,3.3074852897222446,4,0,0,1,1,0,0,0,1,0,0,0,0,0,0,0,1
4FQY,2.7771869174091077,4,0,0,1,1,0,0,0,0,1,1,0,0,0,0,0,0
4FQY,3.3422646138561687,4,0,0,0,1,0,0,0,1,0,1,0,0,1,0,0,0
4FQY,3.342612540353803,4,1,1,0,0,0,1,0,0,0,1,0,0,0,0,0,0
4FQY,3.2824399675334366,4,0,1,1,0,0,0,0,0,1,0,0,0,1,0,0,0
4FQY,3.54890331125601,4,0,0,0,1,0,0,0,0,1,0,0,0,1,0,0,1
4FQY,3.431751217085211,4,0,0,0,0,0,0,1,1,0,0,0,1,0,1,0,0
4FQY,3.274414920979204,4,1,1,0,0,0,1,1,0,0,0,0,0,0,0,0,0
4FQY,3.2659716544681414,4,1,1,0,0,1,0,0,1,0,0,0,0,0,0,0,0
4FQY,2.832294783130151,4,0,0,0,1,0,0,0,0,1,1,0,0,1,0,0,0
4FQY,3.2310007989443643,4,0,0,0,0,0,1,0,1,0,1,0,1,0,0,0,0
4FQY,3.287891888638552,4,0,0,1,1,0,0,0,1,0,1,0,0,0,0,0,0
4FQY,3.5178528329176078,4,1,1,0,0,0,0,0,0,0,0,0,0,0,0,1,1
4FQY,3.497704222319366,4,0,1,1,0,0,0,1,0,0,1,0,0,0,0,0,0
4FQY,3.3817051165840453,4,0,0,0,1,0,0,0,1,0,1,0,0,0,0,0,1
4FQY,3.229520101689167,4,0,0,0,1,0,0,1,0,0,1,0,0,1,0,0,0
4FQY,3.4568703405119647,4,0,1,0,0,0,0,0,1,0,0,0,0,0,1,0,1
4FQY,3.47444121383109,4,0,0,1,1,0,0,0,0,1,0,0,0,1,0,0,0
4FQY,3.4349496720177126,4,1,0,0,1,0,0,1,0,1,0,0,0,0,0,0,0
4FQY,3.309169098577725,4,0,1,1,0,0,0,0,1,1,0,0,0,0,0,0,0
4FQY,3.450361042957649,4,0,0,1,1,0,0,0,1,1,0,0,0,0,0,0,0
4FQY,3.368666320598197,4,1,1,0,0,0,0,0,1,0,0,0,0,0,0,1,0
4FQY,3.472771814817708,4,0,1,1,0,0,0,0,0,1,1,0,0,0,0,0,0
4FQY,3.298745324677948,4,0,0,0,1,0,0,0,1,1,1,0,0,0,0,0,0
4FQY,3.378586259742943,4,0,0,1,1,0,0,1,0,0,1,0,0,0,0,0,0
4FQY,3.519918655171289,4,0,0,1,0,1,0,0,0,0,1,0,1,0,0,0,0
4FQY,3.478007813363319,4,0,0,1,1,0,0,0,0,0,0,0,0,0,1,0,1
4FQY,3.5191749387683835,4,0,0,1,1,0,1,0,0,0,1,0,0,0,0,0,0
4FQY,3.3398948464779834,4,0,0,0,1,0,0,0,0,1,1,0,0,0,0,0,1
4FQY,3.5404828624553124,4,0,0,0,0,0,1,0,0,1,1,0,1,0,0,0,0
4FQY,3.381912812369045,4,1,1,0,0,0,0,1,0,0,0,0,0,0,1,0,0
4FQY,3.2468486414106925,4,0,1,1,0,0,0,0,1,0,0,0,0,0,0,0,1
