#PDB,Sequence,KD,LD,ddG(kcal/mol),Source
1N8Z,CSRWGGDGFYAMDYW,0.4,0,0,10.1038/s41551-021-00699-9
1N8Z,CSRWKGDGFYEHDYW,0.33,3,0.113920109,10.1038/s41551-021-00699-9
1N8Z,CSRWPGPGMYTNDYW,0.38,5,0.030375215,10.1038/s41551-021-00699-9
1N8Z,CSRWPGPGMYANDYW,0.39,4,0.014992873,10.1038/s41551-021-00699-9
1N8Z,CSRWRGDGFYEHDYW,0.49,3,-0.120178903,10.1038/s41551-021-00699-9
1N8Z,CSRWREPGFYEHDYW,0.64,5,-0.278329978,10.1038/s41551-021-00699-9
1N8Z,CSRWKEPGFYEHDYW,0.77,5,-0.387838558,10.1038/s41551-021-00699-9
1N8Z,CSRWKDPGFYEHDYW,0.77,5,-0.387838558,10.1038/s41551-021-00699-9
1N8Z,CSRYGPPGMYTNDYW,0.96,6,-0.518441091,10.1038/s41551-021-00699-9
1N8Z,CSRWRDDGLYAHDYW,1.01,4,-0.548507795,10.1038/s41551-021-00699-9
1N8Z,CSRWNDRGFYEHDYW,1.07,5,-0.582681903,10.1038/s41551-021-00699-9
1N8Z,CSRWPGGGMYANDYW,1.15,4,-0.625380527,10.1038/s41551-021-00699-9
1N8Z,CSRWGGPGMYTNDYW,1.32,4,-0.707025209,10.1038/s41551-021-00699-9
1N8Z,CSRWRDPGFYEHDYW,1.37,5,-0.729042126,10.1038/s41551-021-00699-9
1N8Z,CSRWKQDGFYEHDYW,1.44,4,-0.758552203,10.1038/s41551-021-00699-9
1N8Z,CSRYGGPGMYTNDYW,1.57,5,-0.809736398,10.1038/s41551-021-00699-9
1N8Z,CSRYGGDGMYQHDYW,1.77,4,-0.88074193,10.1038/s41551-021-00699-9
1N8Z,CSRYGGTGMYEHDYW,1.83,5,-0.90048332,10.1038/s41551-021-00699-9
1N8Z,CSRYGNGGMYANDYW,2.23,5,-1.017550148,10.1038/s41551-021-00699-9
1N8Z,CSRYGPGGMYEHDYW,2.47,6,-1.078081455,10.1038/s41551-021-00699-9
1N8Z,CSRWGGPGMYEHDYW,2.53,4,-1.092294622,10.1038/s41551-021-00699-9
1N8Z,CSRYRGDGFYEHDYW,2.85,4,-1.162823896,10.1038/s41551-021-00699-9
1N8Z,CSRYGGPGLYANDYW,2.88,4,-1.169024862,10.1038/s41551-021-00699-9
1N8Z,CSRYGGPGMYQNDYW,3.02,5,-1.197133922,10.1038/s41551-021-00699-9
1N8Z,CSRWPQPGMYANDYW,3.02,5,-1.197133922,10.1038/s41551-021-00699-9
1N8Z,CSRYGGPGMYEHDYW,3.12,5,-1.216425103,10.1038/s41551-021-00699-9
1N8Z,CSRYGDPGMYQHDYW,3.31,6,-1.25143234,10.1038/s41551-021-00699-9
1N8Z,CSRYGGPGLYTNDYW,3.32,5,-1.253218727,10.1038/s41551-021-00699-9
1N8Z,CSRYGPGGLYTNDYW,3.45,6,-1.275964298,10.1038/s41551-021-00699-9
1N8Z,CSRYGGPGLYEHDYW,3.51,5,-1.28617467,10.1038/s41551-021-00699-9
1N8Z,CSRWGNPGMYANDYW,3.65,4,-1.309335767,10.1038/s41551-021-00699-9
1N8Z,CSRWRHDGFYENDYW,3.71,4,-1.318991202,10.1038/s41551-021-00699-9
1N8Z,CSRYGPGGMYANDYW,3.85,5,-1.340926557,10.1038/s41551-021-00699-9
1N8Z,CSRWGNGGMYANDYW,3.94,4,-1.354610559,10.1038/s41551-021-00699-9
1N8Z,CSRYGERGFYEHDYW,4.02,5,-1.366514214,10.1038/s41551-021-00699-9
1N8Z,CSRYGGNGMYTNDYW,4.02,5,-1.366514214,10.1038/s41551-021-00699-9
1N8Z,CSRYGSPGMYTNDYW,4.4,6,-1.420002094,10.1038/s41551-021-00699-9
1N8Z,CSRYGQPGMYTNDYW,4.65,6,-1.452727927,10.1038/s41551-021-00699-9
1N8Z,CSRYGEPGMYQHDYW,4.79,6,-1.470294079,10.1038/s41551-021-00699-9
1N8Z,CSRWGGNGMYANDYW,4.87,3,-1.480102782,10.1038/s41551-021-00699-9
1N8Z,CSRYGDRGFYEHDYW,5.35,5,-1.535769901,10.1038/s41551-021-00699-9
1N8Z,CSRYGPNGLYANDYW,5.47,5,-1.548905823,10.1038/s41551-021-00699-9
1N8Z,CSRYGGNGMYQNDYW,5.86,5,-1.589690317,10.1038/s41551-021-00699-9
1N8Z,CSRYGNPGMYQNDYW,6.27,6,-1.629737991,10.1038/s41551-021-00699-9
1N8Z,CSRYGQPGMYANDYW,6.86,5,-1.682994,10.1038/s41551-021-00699-9
1N8Z,CSRYSGPGMYANDYW,7.14,5,-1.706684634,10.1038/s41551-021-00699-9
1N8Z,CSRYGSNGMYQNDYW,7.31,6,-1.720619086,10.1038/s41551-021-00699-9
1N8Z,CSRYGGNGMYANDYW,7.68,4,-1.749859067,10.1038/s41551-021-00699-9
1N8Z,CSRWERPGLYEHDYW,8.7,6,-1.823706829,10.1038/s41551-021-00699-9
1N8Z,CSRWRPDGFYEHDYW,9.12,4,-1.851626532,10.1038/s41551-021-00699-9
1N8Z,CSRWREPGLYEHDYW,11.4,6,-1.983769213,10.1038/s41551-021-00699-9
1N8Z,CSRYGNPGMYEHDYW,11.69,6,-1.998645196,10.1038/s41551-021-00699-9
1N8Z,CSRWDRPGLYEHDYW,11.81,6,-2.004693115,10.1038/s41551-021-00699-9
1N8Z,CSRWKEPGLYEHDYW,13.28,6,-2.074164045,10.1038/s41551-021-00699-9
1N8Z,CSRYGQPGMYEHDYW,13.32,6,-2.075945059,10.1038/s41551-021-00699-9
1N8Z,CSRYGQPGLYEHDYW,18.34,6,-2.265336962,10.1038/s41551-021-00699-9
