#PDB,PDB,Mutations,Mutation,total_score,ddG(kcal/mol),nstruct
1C08,1C08,L:S91A,L:S91A,0.05347,0.491644857,10.0
1C08,1C08,L:S93A,L:S93A,-0.70269,0.061761304,10.0
1C08,1C08,L:N32D,L:N32D,0.13793,2.699135326,10.0
1C08,1C08,L:N92D,L:N92D,0.837,1.065604077,10.0
1C08,1C08,L:N31E,L:N31E,0.62318,5.71020606,10.0
1C08,1C08,L:Y50A,L:Y50A,1.4853,4.559861301,10.0
1C08,1C08,L:Y50L,L:Y50L,1.23973,4.395369717,10.0
1C08,1C08,L:Q53A,L:Q53A,0.27146,0.953561706,10.0
1C08,1C08,L:Y96A,L:Y96A,1.35932,2.708390727,10.0
1C08,1C08,L:Y96F,L:Y96F,-0.66583,1.40247624,10.0
1C08,1C08,H:S31A,H:S31A,0.24256,0.17044622,10.0
1C08,1C08,H:D32A,H:D32A,0.04867,1.899170525,10.0
1C08,1C08,H:D32N,H:D32N,-0.24346,0.17044622,10.0
1C08,1C08,H:Y33A,H:Y33A,0.07734,6.038076411,10.0
1C08,1C08,H:Y50A,H:Y50A,0.36215,7.32319995,10.0
1C08,1C08,H:W98A,H:W98A,0.84896,5.513423007,10.0
1C08,1C08,H:W98F,H:W98F,0.40836,3.247175527,10.0
1C08,1C08,H:Y53W,H:Y53W,0.25431,0.706466807,10.0
1C08,1C08,H:Y53F,H:Y53F,0.10362,0.620260404,10.0
1C08,1C08,H:Y53L,H:Y53L,0.25715,0.807103054,10.0
1C08,1C08,H:Y53A,H:Y53A,0.13029,3.252089286,10.0
1C08,1C08,H:Y33W,H:Y33W,0.20058,1.749877564,10.0
1C08,1C08,H:Y33F,H:Y33F,0.20665,1.070841581,10.0
1C08,1C08,H:Y33L,H:Y33L,-0.02185,2.007377173,10.0
1C08,1C08,H:Y50F,H:Y50F,0.29579,1.610236294,10.0
1C08,1C08,H:Y50L,H:Y50L,-0.45562,2.850590941,10.0
1C08,1C08,H:Y58F,H:Y58F,-0.79128,0.362760795,10.0
1C08,1C08,H:Y58L,H:Y58L,-1.00673,1.514412993,10.0
1C08,1C08,H:Y58A,H:Y58A,-0.40365,1.676019821,10.0
1VFB,1VFB,H:D100A,H:D100A,2.44504,2.9,10.0
1VFB,1VFB,H:D54A,H:D54A,0.86865,1.0,10.0
1VFB,1VFB,H:D58E,H:D58E,-1.30877,0.08,10.0
1VFB,1VFB,H:D58N,H:D58N,0.47306,-0.13,10.0
1VFB,1VFB,H:G31A,H:G31A,0.13275,0.3,10.0
1VFB,1VFB,H:G31E,H:G31E,-0.04011,-0.51,10.0
1VFB,1VFB,H:G31W,H:G31W,-0.91594,0.01,10.0
1VFB,1VFB,H:R99W,H:R99W,0.68261,0.71,10.0
1VFB,1VFB,H:R99Y,H:R99Y,1.19495,1.26,10.0
1VFB,1VFB,H:S28D,H:S28D,0.2771,0.0,10.0
1VFB,1VFB,H:S28E,H:S28E,0.16107,-0.1,10.0
1VFB,1VFB,H:S28N,H:S28N,0.39558,0.15,10.0
1VFB,1VFB,H:S28Q,H:S28Q,0.42464,0.08,10.0
1VFB,1VFB,H:W52A,H:W52A,3.05554,0.9,10.0
1VFB,1VFB,H:Y101A,H:Y101A,5.95647,4.0,10.0
1VFB,1VFB,H:Y101F,H:Y101F,1.83356,1.6,10.0
1VFB,1VFB,H:Y32A,H:Y32A,2.61051,1.1,10.0
1VFB,1VFB,H:Y32E,H:Y32E,1.97823,1.91,10.0
1VFB,1VFB,L:N31W,L:N31W,-0.3737,0.17,10.0
1VFB,1VFB,L:T52F,L:T52F,0.07793,0.47,10.0
1VFB,1VFB,L:T53R,L:T53R,-0.35388,1.67,10.0
1VFB,1VFB,L:W92A,L:W92A,0.56587,3.3,10.0
1VFB,1VFB,L:Y32A,L:Y32A,3.14357,1.7,10.0
1VFB,1VFB,L:Y50A,L:Y50A,0.61055,0.5,10.0
1VFB,1VFB,L:Y50K,L:Y50K,0.51885,1.67,10.0
1VFB,1VFB,L:Y50R,L:Y50R,0.48315,0.85,10.0
1BJ1,1BJ1,H:Y27A,H:Y27A,-0.07777,2.332831854,10.0
1BJ1,1BJ1,H:Y54A,H:Y54A,0.60684,1.381122353,10.0
1BJ1,1BJ1,H:T59A,H:T59A,1.06587,0.884922073,10.0
1BJ1,1BJ1,H:Y99A,H:Y99A,0.44383,4.61750359,10.0
1BJ1,1BJ1,H:H107A,H:H107A,-2.19063,0.821450789,10.0
1BJ1,1BJ1,H:Y54W,H:Y54W,-0.7256,-0.142797518,10.0
1BJ1,1BJ1,H:T28D,H:T28D,-0.15821,-0.228895531,10.0
1BJ1,1BJ1,H:N31H,H:N31H,-1.77662,-0.793361153,10.0
1BJ1,1BJ1,H:H101Y,H:H101Y,-5.70275,-1.647364671,10.0
1BJ1,1BJ1,H:S105T,H:S105T,-1.06061,-0.406117274,10.0
3HFM,3HFM,H:D32A,H:D32A,0.14744,1.9,10.0
3HFM,3HFM,H:D32N,H:D32N,0.24146,0.17,10.0
3HFM,3HFM,H:S31A,H:S31A,-0.92123,0.17,10.0
3HFM,3HFM,H:Y33A,H:Y33A,1.74745,6.0,10.0
3HFM,3HFM,L:N31A,L:N31A,0.81912,5.22,10.0
3HFM,3HFM,L:N31D,L:N31D,1.76361,1.34,10.0
3HFM,3HFM,L:N31E,L:N31E,1.74638,5.67,10.0
1KIQ,1KIQ,B:F101Y,B:F101Y,-1.44028,-2.595427291,10.0
1JRH,1JRH,L:E27A,L:E27A,3.47977,0.564465622,10.0
1JRH,1JRH,L:D28A,L:D28A,2.26895,0.452149468,10.0
1JRH,1JRH,L:Y30A,L:Y30A,0.77768,1.15309251,10.0
1JRH,1JRH,L:Y91A,L:Y91A,-3.18516,0.604223501,10.0
1JRH,1JRH,L:W92A,L:W92A,2.23783,2.931900235,10.0
1JRH,1JRH,L:S93A,L:S93A,-1.21093,-0.676781776,10.0
1JRH,1JRH,L:T94A,L:T94A,-2.15231,0.400783618,10.0
1JRH,1JRH,L:W96A,L:W96A,0.65319,1.733154745,10.0
1JRH,1JRH,H:Y32A,H:Y32A,1.11633,1.491027414,10.0
1JRH,1JRH,H:W52A,H:W52A,0.32729,2.794436372,10.0
1JRH,1JRH,H:W53A,H:W53A,-0.14368,2.518820725,10.0
1JRH,1JRH,H:D54A,H:D54A,3.22282,1.962050276,10.0
1JRH,1JRH,H:D55A,H:D55A,0.12186,1.733154745,10.0
1JRH,1JRH,H:D56A,H:D56A,-0.00766,1.929332854,10.0
1JRH,1JRH,H:Y58A,H:Y58A,0.85841,1.306152986,10.0
1JRH,1JRH,H:R95A,H:R95A,0.02646,0.564465622,10.0
1JRH,1JRH,H:F98A,H:F98A,-1.90771,0.0,10.0
1JRH,1JRH,H:Y99A,H:Y99A,2.27345,1.103783535,10.0
1JRH,1JRH,H:H100BA,H:H100BA,0.2092,1.766137641,10.0
1MLC,1MLC,H:S57A,H:S57A,-0.40047,-0.38,10.0
1MLC,1MLC,H:S57V,H:S57V,0.52842,-0.49,10.0
1MLC,1MLC,H:T28D,H:T28D,0.25437,-0.15,10.0
1MLC,1MLC,H:T31A,H:T31A,0.49769,0.45,10.0
1MLC,1MLC,H:T31V,H:T31V,0.53063,0.53,10.0
1MLC,1MLC,H:T31W,H:T31W,-1.27913,0.13,10.0
1MLC,1MLC,H:T58D,H:T58D,0.1989,-0.56,10.0
1MLC,1MLC,L:N32G,L:N32G,0.14738,-0.85,10.0
1MLC,1MLC,L:N32Y,L:N32Y,0.40375,0.0,10.0
1MLC,1MLC,L:N92A,L:N92A,-0.25185,-1.25,10.0
1XGU,1XGU,B:F33L,B:F33L,4.32311,1.936741006,10.0
1XGU,1XGU,B:F33I,B:F33I,4.98284,1.872956498,10.0
1XGU,1XGU,B:F33V,B:F33V,5.25694,3.025186819,10.0
1XGU,1XGU,B:F33A,B:F33A,5.5188,4.224178772,10.0
3SE8,3SE8,H:R30A,H:R30A,0.01214,-0.040410112,10.0
3SE8,3SE8,H:W47A,H:W47A,0.00692,1.509226073,10.0
3SE8,3SE8,H:W50A,H:W50A,0.05054,1.364333639,10.0
3SE8,3SE8,H:K52A,H:K52A,0.0178,1.137090745,10.0
1DQJ,1DQJ,H:D32A,H:D32A,2.63292,2.0,10.0
1DQJ,1DQJ,H:W98A,H:W98A,2.31655,4.9,10.0
1DQJ,1DQJ,H:Y33A,H:Y33A,4.47217,5.5,10.0
1DQJ,1DQJ,H:Y50A,H:Y50A,2.51464,6.9,10.0
1DQJ,1DQJ,H:Y53A,H:Y53A,5.76578,1.2,10.0
1DQJ,1DQJ,L:N31A,L:N31A,-1.22101,2.0,10.0
1DQJ,1DQJ,L:N32A,L:N32A,-1.51675,4.1,10.0
1DQJ,1DQJ,L:S91A,L:S91A,-0.02462,1.4,10.0
1DQJ,1DQJ,L:Y50A,L:Y50A,-0.79039,2.7,10.0
1DQJ,1DQJ,L:Y96A,L:Y96A,0.35065,1.1,10.0
1NCA,1NCA,H:N31Q,H:N31Q,-0.02886,0.0,10.0
1NCA,1NCA,H:E96D,H:E96D,-0.01801,0.427001759,10.0
1NCA,1NCA,H:D97K,H:D97K,-0.04284,0.7429182,10.0
4FQY,4FQY,H:A58N,H:A58N,-158.04301,-0.58772878,10.0
4FQY,4FQY,H:N76S,H:N76S,-20.84346,0.805839359,10.0
1DVF,1DVF,A:H30A,A:H30A,0.29165,1.67,10.0
1DVF,1DVF,A:S93A,A:S93A,0.10956,1.17,10.0
1DVF,1DVF,A:W92A,A:W92A,1.16045,0.34,10.0
1DVF,1DVF,A:Y32A,A:Y32A,-0.01959,2.05,10.0
1DVF,1DVF,A:Y50A,A:Y50A,-0.03925,0.69,10.0
1DVF,1DVF,B:D100A,B:D100A,-0.08389,2.82,10.0
1DVF,1DVF,B:D54A,B:D54A,1.33742,4.32,10.0
1DVF,1DVF,B:D58A,B:D58A,-0.03342,1.62,10.0
1DVF,1DVF,B:E98A,B:E98A,-0.08279,4.23,10.0
1DVF,1DVF,B:N56A,B:N56A,-0.79168,1.17,10.0
1DVF,1DVF,B:R99A,B:R99A,-0.01531,1.89,10.0
1DVF,1DVF,B:T30A,B:T30A,-0.10233,0.92,10.0
1DVF,1DVF,B:W52A,B:W52A,-0.53697,4.17,10.0
1DVF,1DVF,B:Y101F,B:Y101F,0.31009,2.03,10.0
1DVF,1DVF,B:Y32A,B:Y32A,-0.17142,1.85,10.0
1DVF,1DVF,C:Y49A,C:Y49A,3.59941,1.88,10.0
1DVF,1DVF,D:D52A,D:D52A,0.16765,1.7,10.0
1DVF,1DVF,D:H33A,D:H33A,0.15729,1.88,10.0
1DVF,1DVF,D:K30A,D:K30A,0.05985,1.01,10.0
3L5X,3L5X,L:Y94A,L:Y94A,114.95964,-0.862228384,10.0
2BDN,2BDN,H:L27R,H:L27R,-0.01487,0.676781776,10.0
2BDN,2BDN,H:L27K,H:L27K,0.03521,0.909207594,10.0
2BDN,2BDN,H:N28D,H:N28D,0.01571,0.137463863,10.0
2BDN,2BDN,H:N28Q,H:N28Q,0.08989,1.455815927,10.0
2BDN,2BDN,H:D31E,H:D31E,-0.26978,1.128931244,10.0
2BDN,2BDN,L:Y30K,L:Y30K,1.06022,0.701929485,10.0
2BDN,2BDN,L:N31R,L:N31R,-0.36433,-0.954120594,10.0
2BDN,2BDN,L:N31K,L:N31K,-0.02251,3.630299433,10.0
2BDN,2BDN,L:S53D,L:S53D,0.83517,-0.167039141,10.0
2BDN,2BDN,L:S53E,L:S53E,0.25201,-0.885601896,10.0
2BDN,2BDN,L:T56D,L:T56D,0.58513,-0.442598372,10.0
2BDN,2BDN,L:T56E,L:T56E,-0.00751,-0.716539655,10.0
1XGQ,1XGQ,B:V33F,B:V33F,-0.47993,-3.025186819,10.0
1XGQ,1XGQ,B:V33L,B:V33L,0.75746,-1.088445813,10.0
1XGQ,1XGQ,B:V33I,B:V33I,1.10701,-1.152230322,10.0
1XGQ,1XGQ,B:V33A,B:V33A,0.46597,1.198991953,10.0
3NGB,3NGB,H:A56G,H:A56G,-0.00198,-0.06,10.0
3NGB,3NGB,H:G54S,H:G54S,-0.03649,0.73,10.0
3NGB,3NGB,H:I30T,H:I30T,-0.05855,0.08,10.0
1XGP,1XGP,B:A33F,B:A33F,-1.52077,-4.224178772,10.0
1XGP,1XGP,B:A33L,B:A33L,1.64077,-2.287437766,10.0
1XGP,1XGP,B:A33I,B:A33I,0.87157,-2.351222274,10.0
1XGP,1XGP,B:A33V,B:A33V,0.35053,-1.198991953,10.0
3GBN,3GBN,H:D73E,H:D73E,-0.39187,-0.123781867,10.0
3GBN,3GBN,H:T57A,H:T57A,0.02402,0.007412684,10.0
3GBN,3GBN,H:G76S,H:G76S,0.01725,0.058491688,10.0
1XGR,1XGR,B:I33F,B:I33F,-1.44156,-1.872956498,10.0
1XGR,1XGR,B:I33L,B:I33L,1.55364,0.063784508,10.0
1XGR,1XGR,B:I33V,B:I33V,1.41459,1.152230322,10.0
1XGR,1XGR,B:I33A,B:I33A,1.16306,2.351222274,10.0
5C6T,5C6T,H:R31S,H:R31S,0.01187,0.324090877,10.0
5C6T,5C6T,H:S32A,H:S32A,0.00863,-0.903312493,10.0
3BN9,3BN9,H:Q100AV,H:Q100AV,-0.01069,1.36,10.0
3BN9,3BN9,H:S30G,H:S30G,-0.00856,1.36,10.0
3BN9,3BN9,H:S30N,H:S30N,-0.00844,1.36,10.0
3BN9,3BN9,H:T28R,H:T28R,0.00336,0.3,10.0
3BN9,3BN9,H:T98Q,H:T98Q,-0.04374,0.0,10.0
1XGT,1XGT,B:L33F,B:L33F,-1.89455,-1.936741006,10.0
1XGT,1XGT,B:L33I,B:L33I,0.13232,-0.063784508,10.0
1XGT,1XGT,B:L33V,B:L33V,1.0318,1.088445813,10.0
1XGT,1XGT,B:L33A,B:L33A,0.17003,2.287437766,10.0
1NMB,1NMB,H:D56N,H:D56N,0.02434,3.072566483,10.0
1NMB,1NMB,H:D56E,H:D56E,-0.02035,3.072566483,10.0
1NMB,1NMB,H:Y99A,H:Y99A,0.01591,2.226819678,10.0
1NMB,1NMB,H:Y100AF,H:Y100AF,-0.03289,1.476567661,10.0
1NMB,1NMB,L:Y32F,L:Y32F,0.03041,0.48510028,10.0
1NMB,1NMB,L:T93F,L:T93F,0.01377,-0.024865707,10.0
3G6D,3G6D,H:H104A,H:H104A,-0.39545,-0.991467381,10.0
3G6D,3G6D,H:W105A,H:W105A,2.05014,-1.556770574,10.0
3N85,3N85,L:W91F,L:W91F,-0.03383,0.145212812,10.0
3N85,3N85,L:W94Y,L:W94Y,0.00723,-0.040277958,10.0
2B2X,2B2X,L:Y52E,L:Y52E,0.16262,-0.233129454,10.0
1KIP,1KIP,B:A32Y,B:A32Y,0.30921,-0.832831904,10.0
1KIR,1KIR,A:S50Y,A:S50Y,0.44338,-1.442950506,10.0
