#PDB,PDB,Mutations,Mutation,total_score,ddG(kcal/mol),nstruct,error
1C08,1C08,L:S91A,L:S91A,0.2034329165857858,0.491644857,10.0,0.28821194041421416
1C08,1C08,L:S93A,L:S93A,-1.0007719647852968,0.061761304,10.0,1.0625332687852969
1C08,1C08,L:N32D,L:N32D,-0.2880158936835315,2.699135326,10.0,2.9871512196835313
1C08,1C08,L:N92D,L:N92D,0.7392872848969665,1.065604077,10.0,0.32631679210303344
1C08,1C08,L:N31E,L:N31E,0.5332596010472839,5.71020606,10.0,5.176946458952716
1C08,1C08,L:Y50A,L:Y50A,2.2017267281351502,4.559861301,10.0,2.3581345728648495
1C08,1C08,L:Y50L,L:Y50L,1.5664887504762302,4.395369717,10.0,2.82888096652377
1C08,1C08,L:Q53A,L:Q53A,0.3896183189201549,0.953561706,10.0,0.5639433870798451
1C08,1C08,L:Y96A,L:Y96A,1.701288788922496,2.708390727,10.0,1.007101938077504
1C08,1C08,L:Y96F,L:Y96F,-0.2406758534760253,1.40247624,10.0,1.6431520934760253
1C08,1C08,H:S31A,H:S31A,0.1369018435515157,0.17044622,10.0,0.03354437644848432
1C08,1C08,H:D32A,H:D32A,0.0442816087624799,1.899170525,10.0,1.85488891623752
1C08,1C08,H:D32N,H:D32N,-0.1520478559767362,0.17044622,10.0,0.3224940759767362
1C08,1C08,H:Y33A,H:Y33A,-0.0642875080861811,6.038076411,10.0,6.102363919086181
1C08,1C08,H:Y50A,H:Y50A,-0.0623979805811836,7.32319995,10.0,7.385597930581183
1C08,1C08,H:W98A,H:W98A,0.9024473287047872,5.513423007,10.0,4.610975678295213
1C08,1C08,H:W98F,H:W98F,0.5162695222248503,3.247175527,10.0,2.7309060047751497
1C08,1C08,H:Y53W,H:Y53W,0.2403571855564052,0.706466807,10.0,0.4661096214435948
1C08,1C08,H:Y53F,H:Y53F,0.0381020467705999,0.620260404,10.0,0.5821583572294001
1C08,1C08,H:Y53L,H:Y53L,0.175188699459599,0.807103054,10.0,0.631914354540401
1C08,1C08,H:Y53A,H:Y53A,0.0435234208681643,3.252089286,10.0,3.2085658651318356
1C08,1C08,H:Y33W,H:Y33W,0.0715768351583248,1.749877564,10.0,1.6783007288416751
1C08,1C08,H:Y33F,H:Y33F,0.1295964806785892,1.070841581,10.0,0.9412451003214108
1C08,1C08,H:Y33L,H:Y33L,-0.0819987812357079,2.007377173,10.0,2.0893759542357078
1C08,1C08,H:Y50F,H:Y50F,0.0158360479309624,1.610236294,10.0,1.5944002460690374
1C08,1C08,H:Y50L,H:Y50L,-0.665327821344071,2.850590941,10.0,3.515918762344071
1C08,1C08,H:Y58F,H:Y58F,-0.751369490279711,0.362760795,10.0,1.114130285279711
1C08,1C08,H:Y58L,H:Y58L,-1.1571840220833134,1.514412993,10.0,2.6715970150833135
1C08,1C08,H:Y58A,H:Y58A,-0.5310000662794088,1.676019821,10.0,2.207019887279409
1VFB,1VFB,H:D100A,H:D100A,2.3300058894719573,2.9,10.0,0.5699941105280426
1VFB,1VFB,H:D54A,H:D54A,0.9855850483075934,1.0,10.0,0.014414951692406586
1VFB,1VFB,H:D58E,H:D58E,-0.9507272500938244,0.08,10.0,1.0307272500938245
1VFB,1VFB,H:D58N,H:D58N,0.4030845334891944,-0.13,10.0,0.5330845334891944
1VFB,1VFB,H:G31A,H:G31A,0.0547056470411249,0.3,10.0,0.24529435295887508
1VFB,1VFB,H:G31E,H:G31E,-0.7977031309624714,-0.51,10.0,0.28770313096247135
1VFB,1VFB,H:G31W,H:G31W,-1.4683409865639567,0.01,10.0,1.4783409865639567
1VFB,1VFB,H:R99W,H:R99W,0.8383962076260267,0.71,10.0,0.12839620762602677
1VFB,1VFB,H:R99Y,H:R99Y,1.0017133900621702,1.26,10.0,0.2582866099378298
1VFB,1VFB,H:S28D,H:S28D,0.2357058550802919,0.0,10.0,0.2357058550802919
1VFB,1VFB,H:S28E,H:S28E,0.0956802561707743,-0.1,10.0,0.1956802561707743
1VFB,1VFB,H:S28N,H:S28N,0.2784548708979815,0.15,10.0,0.1284548708979815
1VFB,1VFB,H:S28Q,H:S28Q,0.2232462095050841,0.08,10.0,0.1432462095050841
1VFB,1VFB,H:W52A,H:W52A,3.286806919748743,0.9,10.0,2.386806919748743
1VFB,1VFB,H:Y101A,H:Y101A,4.253197674643991,4.0,10.0,0.25319767464399057
1VFB,1VFB,H:Y101F,H:Y101F,1.592857737824478,1.6,10.0,0.007142262175522163
1VFB,1VFB,H:Y32A,H:Y32A,1.9914230832396564,1.1,10.0,0.8914230832396564
1VFB,1VFB,H:Y32E,H:Y32E,1.16340273949719,1.91,10.0,0.74659726050281
1VFB,1VFB,L:N31W,L:N31W,-0.3552063068567306,0.17,10.0,0.5252063068567306
1VFB,1VFB,L:T52F,L:T52F,0.2881418757927103,0.47,10.0,0.1818581242072897
1VFB,1VFB,L:T53R,L:T53R,-0.0134604299469978,1.67,10.0,1.6834604299469977
1VFB,1VFB,L:W92A,L:W92A,0.5717123427741189,3.3,10.0,2.7282876572258807
1VFB,1VFB,L:Y32A,L:Y32A,2.5414943250581006,1.7,10.0,0.8414943250581006
1VFB,1VFB,L:Y50A,L:Y50A,0.3128576649267305,0.5,10.0,0.1871423350732695
1VFB,1VFB,L:Y50K,L:Y50K,0.7505197181626737,1.67,10.0,0.9194802818373262
1VFB,1VFB,L:Y50R,L:Y50R,0.7552242757988707,0.85,10.0,0.09477572420112923
1BJ1,1BJ1,H:Y27A,H:Y27A,-0.1113687678472832,2.332831854,10.0,2.4442006218472834
1BJ1,1BJ1,H:Y54A,H:Y54A,1.1773818897694424,1.381122353,10.0,0.20374046323055772
1BJ1,1BJ1,H:T59A,H:T59A,1.115169488122009,0.884922073,10.0,0.23024741512200886
1BJ1,1BJ1,H:Y99A,H:Y99A,1.0035620532179312,4.61750359,10.0,3.613941536782069
1BJ1,1BJ1,H:H107A,H:H107A,-2.747902233012488,0.821450789,10.0,3.569353022012488
1BJ1,1BJ1,H:Y54W,H:Y54W,-0.2975901880417313,-0.142797518,10.0,0.1547926700417313
1BJ1,1BJ1,H:T28D,H:T28D,-0.1260495890042936,-0.228895531,10.0,0.1028459419957064
1BJ1,1BJ1,H:N31H,H:N31H,-1.1569267021865364,-0.793361153,10.0,0.3635655491865364
1BJ1,1BJ1,H:H101Y,H:H101Y,-5.689817887864473,-1.647364671,10.0,4.042453216864473
1BJ1,1BJ1,H:S105T,H:S105T,-1.956532637485796,-0.406117274,10.0,1.5504153634857962
3HFM,3HFM,H:D32A,H:D32A,0.2694453404608969,1.9,10.0,1.630554659539103
3HFM,3HFM,H:D32N,H:D32N,0.3141405215892605,0.17,10.0,0.14414052158926047
3HFM,3HFM,H:S31A,H:S31A,-0.5124326810687734,0.17,10.0,0.6824326810687734
3HFM,3HFM,H:Y33A,H:Y33A,2.6177353136959165,6.0,10.0,3.3822646863040835
3HFM,3HFM,L:N31A,L:N31A,1.1234305876249246,5.22,10.0,4.096569412375075
3HFM,3HFM,L:N31D,L:N31D,1.3043763104810244,1.34,10.0,0.035623689518975654
3HFM,3HFM,L:N31E,L:N31E,1.4961817035446603,5.67,10.0,4.173818296455339
1KIQ,1KIQ,B:F101Y,B:F101Y,-1.9886386179283893,-2.595427291,10.0,0.6067886730716108
1JRH,1JRH,L:E27A,L:E27A,2.524346559130803,0.564465622,10.0,1.959880937130803
1JRH,1JRH,L:D28A,L:D28A,1.8806176771837608,0.452149468,10.0,1.4284682091837608
1JRH,1JRH,L:Y30A,L:Y30A,1.5359562060314316,1.15309251,10.0,0.38286369603143156
1JRH,1JRH,L:Y91A,L:Y91A,-3.852956553174022,0.604223501,10.0,4.457180054174022
1JRH,1JRH,L:W92A,L:W92A,1.446289066061028,2.931900235,10.0,1.4856111689389722
1JRH,1JRH,L:S93A,L:S93A,-1.0995363999271632,-0.676781776,10.0,0.42275462392716323
1JRH,1JRH,L:T94A,L:T94A,-2.9757946426205275,0.400783618,10.0,3.3765782606205277
1JRH,1JRH,L:W96A,L:W96A,1.4520105144548203,1.733154745,10.0,0.2811442305451797
1JRH,1JRH,H:Y32A,H:Y32A,1.3306211195063575,1.491027414,10.0,0.1604062944936424
1JRH,1JRH,H:W52A,H:W52A,-0.1502692319748328,2.794436372,10.0,2.9447056039748327
1JRH,1JRH,H:W53A,H:W53A,-0.1877289709263421,2.518820725,10.0,2.706549695926342
1JRH,1JRH,H:D54A,H:D54A,2.275063314937509,1.962050276,10.0,0.31301303893750876
1JRH,1JRH,H:D55A,H:D55A,0.0858047004726376,1.733154745,10.0,1.6473500445273623
1JRH,1JRH,H:D56A,H:D56A,-0.740540946898889,1.929332854,10.0,2.6698738008988894
1JRH,1JRH,H:Y58A,H:Y58A,1.2074786910138249,1.306152986,10.0,0.09867429498617519
1JRH,1JRH,H:R95A,H:R95A,0.5751857320663478,0.564465622,10.0,0.010720110066347877
1JRH,1JRH,H:F98A,H:F98A,-1.5978068400685537,0.0,10.0,1.5978068400685537
1JRH,1JRH,H:Y99A,H:Y99A,2.6337070650569503,1.103783535,10.0,1.5299235300569503
1JRH,1JRH,H:H100BA,H:H100BA,0.4113127087637505,1.766137641,10.0,1.3548249322362496
1MLC,1MLC,H:S57A,H:S57A,-0.2626663841330853,-0.38,10.0,0.11733361586691471
1MLC,1MLC,H:S57V,H:S57V,0.5074639616126821,-0.49,10.0,0.9974639616126821
1MLC,1MLC,H:T28D,H:T28D,0.234442916903848,-0.15,10.0,0.384442916903848
1MLC,1MLC,H:T31A,H:T31A,0.4709675804520643,0.45,10.0,0.020967580452064316
1MLC,1MLC,H:T31V,H:T31V,0.4561551849581693,0.53,10.0,0.07384481504183071
1MLC,1MLC,H:T31W,H:T31W,-1.867245241722765,0.13,10.0,1.9972452417227649
1MLC,1MLC,H:T58D,H:T58D,0.0967386052371842,-0.56,10.0,0.6567386052371842
1MLC,1MLC,L:N32G,L:N32G,0.1337858026554972,-0.85,10.0,0.9837858026554972
1MLC,1MLC,L:N32Y,L:N32Y,0.5270537743146373,0.0,10.0,0.5270537743146373
1MLC,1MLC,L:N92A,L:N92A,-0.1857894541479974,-1.25,10.0,1.0642105458520026
1XGU,1XGU,B:F33L,B:F33L,4.018804471145255,1.936741006,10.0,2.0820634651452545
1XGU,1XGU,B:F33I,B:F33I,4.396000061650367,1.872956498,10.0,2.5230435636503676
1XGU,1XGU,B:F33V,B:F33V,4.664737293392884,3.025186819,10.0,1.639550474392884
1XGU,1XGU,B:F33A,B:F33A,4.723378110164802,4.224178772,10.0,0.4991993381648019
3SE8,3SE8,H:R30A,H:R30A,0.0131521918136126,-0.040410112,10.0,0.0535623038136126
3SE8,3SE8,H:W47A,H:W47A,0.0074500978595803,1.509226073,10.0,1.5017759751404196
3SE8,3SE8,H:W50A,H:W50A,0.0348245139271394,1.364333639,10.0,1.3295091250728606
3SE8,3SE8,H:K52A,H:K52A,0.0165155231074767,1.137090745,10.0,1.1205752218925233
1DQJ,1DQJ,H:D32A,H:D32A,1.6730706973051552,2.0,10.0,0.32692930269484477
1DQJ,1DQJ,H:W98A,H:W98A,1.9043827010609704,4.9,10.0,2.99561729893903
1DQJ,1DQJ,H:Y33A,H:Y33A,4.372138909239007,5.5,10.0,1.1278610907609927
1DQJ,1DQJ,H:Y50A,H:Y50A,2.568254751755457,6.9,10.0,4.331745248244543
1DQJ,1DQJ,H:Y53A,H:Y53A,5.012637373487983,1.2,10.0,3.8126373734879833
1DQJ,1DQJ,L:N31A,L:N31A,-1.077343814765775,2.0,10.0,3.077343814765775
1DQJ,1DQJ,L:N32A,L:N32A,-1.448577805863149,4.1,10.0,5.5485778058631485
1DQJ,1DQJ,L:S91A,L:S91A,-0.1999821634825433,1.4,10.0,1.5999821634825433
1DQJ,1DQJ,L:Y50A,L:Y50A,-0.5526213384591849,2.7,10.0,3.252621338459185
1DQJ,1DQJ,L:Y96A,L:Y96A,0.6731025153908199,1.1,10.0,0.4268974846091802
1NCA,1NCA,H:N31Q,H:N31Q,-0.0342883269011171,0.0,10.0,0.0342883269011171
1NCA,1NCA,H:E96D,H:E96D,-0.0108283921206184,0.427001759,10.0,0.4378301511206184
1NCA,1NCA,H:D97K,H:D97K,-0.0369903997993266,0.7429182,10.0,0.7799085997993266
4FQY,4FQY,H:A58N,H:A58N,-0.1411008791112731,-0.58772878,10.0,0.44662790088872684
4FQY,4FQY,H:N76S,H:N76S,0.0232857333139391,0.805839359,10.0,0.7825536256860609
1DVF,1DVF,A:H30A,A:H30A,0.3710307054561899,1.67,10.0,1.29896929454381
1DVF,1DVF,A:S93A,A:S93A,0.0564545231213482,1.17,10.0,1.1135454768786517
1DVF,1DVF,A:W92A,A:W92A,1.286904932146665,0.34,10.0,0.9469049321466649
1DVF,1DVF,A:Y32A,A:Y32A,-0.0260244114190493,2.05,10.0,2.076024411419049
1DVF,1DVF,A:Y50A,A:Y50A,-0.1152889558208589,0.69,10.0,0.8052889558208588
1DVF,1DVF,B:D100A,B:D100A,-0.082577526363144,2.82,10.0,2.9025775263631437
1DVF,1DVF,B:D54A,B:D54A,0.7910976009741615,4.32,10.0,3.5289023990258386
1DVF,1DVF,B:D58A,B:D58A,-0.0056064834569666,1.62,10.0,1.6256064834569668
1DVF,1DVF,B:E98A,B:E98A,-0.0335072022828613,4.23,10.0,4.263507202282861
1DVF,1DVF,B:N56A,B:N56A,-0.075379945478972,1.17,10.0,1.245379945478972
1DVF,1DVF,B:R99A,B:R99A,0.0168704751492525,1.89,10.0,1.8731295248507474
1DVF,1DVF,B:T30A,B:T30A,-0.0388297723705115,0.92,10.0,0.9588297723705116
1DVF,1DVF,B:W52A,B:W52A,-0.6160319068539243,4.17,10.0,4.786031906853924
1DVF,1DVF,B:Y101F,B:Y101F,0.262755991286949,2.03,10.0,1.7672440087130508
1DVF,1DVF,B:Y32A,B:Y32A,-0.0958220335366575,1.85,10.0,1.9458220335366576
1DVF,1DVF,C:Y49A,C:Y49A,2.886809018473302,1.88,10.0,1.006809018473302
1DVF,1DVF,D:D52A,D:D52A,0.1421377993994224,1.7,10.0,1.5578622006005776
1DVF,1DVF,D:H33A,D:H33A,0.0873251336975156,1.88,10.0,1.7926748663024843
1DVF,1DVF,D:K30A,D:K30A,0.0409722131303462,1.01,10.0,0.9690277868696539
3L5X,3L5X,L:Y94A,L:Y94A,1.362176352605518,-0.862228384,10.0,2.2244047366055177
2BDN,2BDN,H:L27R,H:L27R,0.0267453408445341,0.676781776,10.0,0.6500364351554659
2BDN,2BDN,H:L27K,H:L27K,0.0456823573891032,0.909207594,10.0,0.8635252366108968
2BDN,2BDN,H:N28D,H:N28D,0.0345084502944035,0.137463863,10.0,0.1029554127055965
2BDN,2BDN,H:N28Q,H:N28Q,0.0745721215255514,1.455815927,10.0,1.3812438054744485
2BDN,2BDN,H:D31E,H:D31E,-0.1388921450461855,1.128931244,10.0,1.2678233890461854
2BDN,2BDN,L:Y30K,L:Y30K,0.9728081071657196,0.701929485,10.0,0.2708786221657197
2BDN,2BDN,L:N31R,L:N31R,-0.7632196392923811,-0.954120594,10.0,0.19090095470761892
2BDN,2BDN,L:N31K,L:N31K,-0.0451971996199929,3.630299433,10.0,3.6754966326199927
2BDN,2BDN,L:S53D,L:S53D,0.6153579138403864,-0.167039141,10.0,0.7823970548403865
2BDN,2BDN,L:S53E,L:S53E,-0.1490038172464531,-0.885601896,10.0,0.736598078753547
2BDN,2BDN,L:T56D,L:T56D,0.3040968176113783,-0.442598372,10.0,0.7466951896113783
2BDN,2BDN,L:T56E,L:T56E,-0.4348792889973272,-0.716539655,10.0,0.28166036600267286
1XGQ,1XGQ,B:V33F,B:V33F,-0.9862736631981788,-3.025186819,10.0,2.038913155801821
1XGQ,1XGQ,B:V33L,B:V33L,0.2883600468365299,-1.088445813,10.0,1.37680585983653
1XGQ,1XGQ,B:V33I,B:V33I,0.5583972020357251,-1.152230322,10.0,1.7106275240357252
1XGQ,1XGQ,B:V33A,B:V33A,0.1152315623600477,1.198991953,10.0,1.0837603906399522
3NGB,3NGB,H:A56G,H:A56G,0.0036282819226785,-0.06,10.0,0.0636282819226785
3NGB,3NGB,H:G54S,H:G54S,-0.0229776518834956,0.73,10.0,0.7529776518834956
3NGB,3NGB,H:I30T,H:I30T,-0.0331250276745136,0.08,10.0,0.1131250276745136
1XGP,1XGP,B:A33F,B:A33F,-1.9175358669035865,-4.224178772,10.0,2.306642905096414
1XGP,1XGP,B:A33L,B:A33L,1.0843653248733764,-2.287437766,10.0,3.3718030908733763
1XGP,1XGP,B:A33I,B:A33I,0.268541750176184,-2.351222274,10.0,2.6197640241761837
1XGP,1XGP,B:A33V,B:A33V,0.0294314160350619,-1.198991953,10.0,1.2284233690350619
3GBN,3GBN,H:D73E,H:D73E,-0.4237681660839927,-0.123781867,10.0,0.2999862990839927
3GBN,3GBN,H:T57A,H:T57A,0.0118363364948836,0.007412684,10.0,0.0044236524948836
3GBN,3GBN,H:G76S,H:G76S,-0.006250596124667,0.058491688,10.0,0.064742284124667
1XGR,1XGR,B:I33F,B:I33F,-2.045860806553081,-1.872956498,10.0,0.17290430855308103
1XGR,1XGR,B:I33L,B:I33L,1.052499930627799,0.063784508,10.0,0.9887154226277989
1XGR,1XGR,B:I33V,B:I33V,1.0517428639802513,1.152230322,10.0,0.10048745801974879
1XGR,1XGR,B:I33A,B:I33A,0.8462444110781031,2.351222274,10.0,1.5049778629218968
5C6T,5C6T,H:R31S,H:R31S,0.0236198948763204,0.324090877,10.0,0.3004709821236796
5C6T,5C6T,H:S32A,H:S32A,0.0263388294023108,-0.903312493,10.0,0.9296513224023109
3BN9,3BN9,H:Q100AV,H:Q100AV,-0.0118608651946485,1.36,10.0,1.3718608651946487
3BN9,3BN9,H:S30G,H:S30G,-0.0076613712779691,1.36,10.0,1.3676613712779693
3BN9,3BN9,H:S30N,H:S30N,-0.0029522125704382,1.36,10.0,1.3629522125704383
3BN9,3BN9,H:T28R,H:T28R,0.0052027963082599,0.3,10.0,0.29479720369174006
3BN9,3BN9,H:T98Q,H:T98Q,-0.0197083203380159,0.0,10.0,0.0197083203380159
1XGT,1XGT,B:L33F,B:L33F,-2.313767381503871,-1.936741006,10.0,0.37702637550387097
1XGT,1XGT,B:L33I,B:L33I,0.1812269759099716,-0.063784508,10.0,0.24501148390997163
1XGT,1XGT,B:L33V,B:L33V,0.9028516253038548,1.088445813,10.0,0.18559418769614533
1XGT,1XGT,B:L33A,B:L33A,0.1257448579568771,2.287437766,10.0,2.161692908043123
1NMB,1NMB,H:D56N,H:D56N,0.0249593484050212,3.072566483,10.0,3.047607134594979
1NMB,1NMB,H:D56E,H:D56E,-0.0373345887281668,3.072566483,10.0,3.1099010717281668
1NMB,1NMB,H:Y99A,H:Y99A,0.0151200620232991,2.226819678,10.0,2.211699615976701
1NMB,1NMB,H:Y100AF,H:Y100AF,-0.0232501965240758,1.476567661,10.0,1.499817857524076
1NMB,1NMB,L:Y32F,L:Y32F,0.0383231623288407,0.48510028,10.0,0.4467771176711593
1NMB,1NMB,L:T93F,L:T93F,0.0109428910377864,-0.024865707,10.0,0.0358085980377864
3G6D,3G6D,H:H104A,H:H104A,-0.2307398608434324,-0.991467381,10.0,0.7607275201565675
3G6D,3G6D,H:W105A,H:W105A,1.7997808760769325,-1.556770574,10.0,3.3565514500769327
3N85,3N85,L:W91F,L:W91F,-0.0372896521730865,0.145212812,10.0,0.1825024641730865
3N85,3N85,L:W94Y,L:W94Y,0.0025462793277097,-0.040277958,10.0,0.0428242373277097
2B2X,2B2X,L:Y52E,L:Y52E,0.1365935753591383,-0.233129454,10.0,0.3697230293591383
1KIP,1KIP,B:A32Y,B:A32Y,0.1627153030544204,-0.832831904,10.0,0.9955472070544203
1KIR,1KIR,A:S50Y,A:S50Y,-0.5146648268511282,-1.442950506,10.0,0.9282856791488718
